POLICY_ID,CUSTOMER_ID,LINE_OF_BUSINESS,START_DATE,END_DATE,PREMIUM_AMOUNT
P10000,CU1227,Auto,2024-02-13 05:23:38.443043,2026-02-12 05:23:38.446504,4919.22
P10001,CU1695,Homeowners,2023-08-11 05:23:38.443096,2026-03-17 05:23:38.446511,4031.88
P10002,CU1618,Auto,2024-12-08 05:23:38.443102,2026-04-03 05:23:38.446516,3800.69
P10003,CU1595,Commercial,2024-07-06 05:23:38.443107,2026-04-17 05:23:38.446520,1022.86
P10004,CU1849,Commercial,2022-11-06 05:23:38.443116,2025-09-10 05:23:38.446524,4014.48
P10005,CU1249,Commercial,2024-01-04 05:23:38.443123,2025-12-12 05:23:38.446530,4033.71
P10006,CU1874,Auto,2022-12-27 05:23:38.443128,2025-08-28 05:23:38.446534,3204.96
P10007,CU1440,Life,2023-10-31 05:23:38.443133,2026-05-07 05:23:38.446540,4956.63
P10008,CU1532,Auto,2023-10-30 05:23:38.443143,2026-02-14 05:23:38.446545,1963.64
P10009,CU1195,Homeowners,2023-10-13 05:23:38.443149,2026-03-04 05:23:38.446548,4735.73
P10010,CU1689,Life,2022-12-24 05:23:38.443153,2026-05-12 05:23:38.446551,4616.29
P10011,CU1928,Commercial,2024-05-21 05:23:38.443157,2026-01-17 05:23:38.446553,551.66
P10012,CU1986,Auto,2024-10-22 05:23:38.443162,2026-01-02 05:23:38.446557,2525.52
P10013,CU1518,Commercial,2023-01-04 05:23:38.443166,2026-01-17 05:23:38.446563,4896.97
P10014,CU1069,Commercial,2023-09-27 05:23:38.443168,2026-01-13 05:23:38.446567,964.05
P10015,CU1638,Homeowners,2024-07-17 05:23:38.443171,2025-12-28 05:23:38.446570,2965.03
P10016,CU1398,Life,2024-06-13 05:23:38.443173,2025-10-07 05:23:38.446574,4905.31
P10017,CU1977,Homeowners,2024-04-17 05:23:38.443176,2025-12-27 05:23:38.446578,2999.73
P10018,CU1671,Homeowners,2024-06-12 05:23:38.443179,2026-03-07 05:23:38.446582,1354.17
P10019,CU1759,Homeowners,2023-08-04 05:23:38.443183,2026-05-14 05:23:38.446586,3119.82
P10020,CU1202,Commercial,2023-01-28 05:23:38.443202,2026-06-17 05:23:38.446590,1419.98
P10021,CU1147,Homeowners,2023-09-27 05:23:38.443206,2026-04-11 05:23:38.446594,2838.67
P10022,CU1471,Homeowners,2024-12-08 05:23:38.443211,2026-01-18 05:23:38.446597,833.19
P10023,CU1654,Life,2024-11-29 05:23:38.443215,2026-04-26 05:23:38.446600,3224.67
P10024,CU1943,Life,2023-08-30 05:23:38.443220,2026-03-28 05:23:38.446604,2825.55
P10025,CU1198,Homeowners,2024-12-08 05:23:38.443224,2026-05-10 05:23:38.446608,3830.73
P10026,CU1916,Life,2023-07-20 05:23:38.443228,2025-12-01 05:23:38.446611,3338.15
P10027,CU1425,Life,2024-11-23 05:23:38.443233,2025-12-29 05:23:38.446615,2973.23
P10028,CU1665,Homeowners,2023-07-22 05:23:38.443237,2026-04-16 05:23:38.446619,3604.0
P10029,CU1491,Commercial,2024-03-24 05:23:38.443243,2025-10-07 05:23:38.446622,1147.74
P10030,CU1887,Homeowners,2023-03-20 05:23:38.443248,2026-04-24 05:23:38.446626,3179.12
P10031,CU1895,Life,2023-04-23 05:23:38.443251,2026-07-26 05:23:38.446631,1274.5
P10032,CU1141,Commercial,2024-07-17 05:23:38.443254,2026-04-05 05:23:38.446635,4664.85
P10033,CU1312,Auto,2022-12-13 05:23:38.443258,2026-07-05 05:23:38.446639,807.5
P10034,CU1164,Commercial,2023-02-01 05:23:38.443262,2026-04-10 05:23:38.446644,2436.69
P10035,CU1313,Life,2023-07-02 05:23:38.443266,2026-04-15 05:23:38.446648,3631.09
P10036,CU1020,Commercial,2023-03-02 05:23:38.443270,2026-06-01 05:23:38.446652,2561.1
P10037,CU1081,Homeowners,2023-08-04 05:23:38.443274,2026-01-31 05:23:38.446656,914.43
P10038,CU1580,Auto,2023-08-16 05:23:38.443278,2025-12-10 05:23:38.446661,2990.21
P10039,CU1130,Auto,2023-01-11 05:23:38.443282,2026-05-05 05:23:38.446665,3387.34
P10040,CU1598,Auto,2023-08-24 05:23:38.443286,2026-06-07 05:23:38.446670,3667.07
P10041,CU1729,Life,2023-10-15 05:23:38.443291,2026-02-14 05:23:38.446674,2179.67
P10042,CU1932,Life,2024-08-20 05:23:38.443296,2026-02-21 05:23:38.446679,3036.47
P10043,CU1983,Auto,2023-09-11 05:23:38.443300,2025-10-21 05:23:38.446683,2528.09
P10044,CU1304,Commercial,2022-12-20 05:23:38.443304,2025-10-05 05:23:38.446687,3524.25
P10045,CU1914,Auto,2024-06-10 05:23:38.443308,2026-07-26 05:23:38.446691,3126.01
P10046,CU1370,Commercial,2024-05-16 05:23:38.443312,2026-03-30 05:23:38.446695,2865.9
P10047,CU1856,Commercial,2024-08-21 05:23:38.443317,2026-05-13 05:23:38.447047,1622.86
P10048,CU1852,Life,2024-11-30 05:23:38.443321,2026-02-12 05:23:38.447060,509.08
P10049,CU1383,Commercial,2022-12-11 05:23:38.443326,2025-09-12 05:23:38.447062,1283.37
P10050,CU1907,Auto,2023-11-23 05:23:38.443330,2025-09-08 05:23:38.447065,1026.8
P10051,CU1444,Life,2023-03-02 05:23:38.443334,2025-12-04 05:23:38.447067,2520.88
P10052,CU1424,Homeowners,2023-04-12 05:23:38.443338,2025-11-04 05:23:38.447069,3255.16
P10053,CU1160,Homeowners,2024-05-22 05:23:38.443343,2026-02-26 05:23:38.447073,1458.88
P10054,CU1177,Life,2024-03-19 05:23:38.443347,2026-02-24 05:23:38.447076,4725.76
P10055,CU1628,Auto,2022-12-29 05:23:38.443351,2025-12-04 05:23:38.447078,530.07
P10056,CU1707,Homeowners,2023-05-22 05:23:38.443368,2025-11-30 05:23:38.447081,3975.35
P10057,CU1894,Homeowners,2023-03-20 05:23:38.443372,2026-02-25 05:23:38.447083,3313.42
P10058,CU1489,Commercial,2023-08-01 05:23:38.443376,2026-02-18 05:23:38.447086,2181.0
P10059,CU1326,Commercial,2023-11-06 05:23:38.443380,2026-05-31 05:23:38.447088,727.2
P10060,CU1597,Auto,2024-03-25 05:23:38.443385,2026-04-27 05:23:38.447090,3323.69
P10061,CU1288,Life,2022-11-21 05:23:38.443389,2025-12-04 05:23:38.447093,2235.26
P10062,CU1592,Auto,2024-11-06 05:23:38.443392,2026-06-26 05:23:38.447095,4713.2
P10063,CU1663,Life,2023-01-04 05:23:38.443396,2026-03-24 05:23:38.447099,2938.96
P10064,CU1572,Homeowners,2023-01-20 05:23:38.443400,2025-11-05 05:23:38.447102,4728.43
P10065,CU1572,Commercial,2024-03-01 05:23:38.443406,2025-10-11 05:23:38.447105,1492.18
P10066,CU1353,Auto,2023-10-25 05:23:38.443410,2025-12-08 05:23:38.447108,3765.77
P10067,CU1027,Auto,2024-03-12 05:23:38.443414,2026-05-12 05:23:38.447110,3277.62
P10068,CU1953,Life,2024-07-07 05:23:38.443418,2026-01-02 05:23:38.447113,3827.34
P10069,CU1042,Life,2024-07-17 05:23:38.443420,2025-12-06 05:23:38.447115,1466.01
P10070,CU1680,Auto,2024-08-26 05:23:38.443423,2026-03-28 05:23:38.447117,3492.48
P10071,CU1422,Life,2023-07-19 05:23:38.443425,2025-11-21 05:23:38.447119,2741.18
P10072,CU1597,Auto,2023-03-02 05:23:38.443428,2026-03-20 05:23:38.447122,3842.71
P10073,CU1176,Auto,2024-11-19 05:23:38.443430,2025-09-21 05:23:38.447124,1971.7
P10074,CU1528,Auto,2023-06-14 05:23:38.443433,2025-10-22 05:23:38.447127,4505.26
P10075,CU1609,Homeowners,2024-08-31 05:23:38.443435,2026-04-21 05:23:38.447129,879.36
P10076,CU1965,Life,2024-02-10 05:23:38.443438,2026-01-25 05:23:38.447132,4132.35
P10077,CU1493,Commercial,2023-06-13 05:23:38.443441,2025-11-08 05:23:38.447135,4375.94
P10078,CU1197,Commercial,2024-01-02 05:23:38.443443,2026-06-15 05:23:38.447137,4177.64
P10079,CU1609,Life,2024-07-13 05:23:38.443446,2026-03-04 05:23:38.447140,2807.27
P10080,CU1576,Auto,2023-11-12 05:23:38.443449,2026-03-05 05:23:38.447143,2472.73
P10081,CU1841,Commercial,2023-03-29 05:23:38.443451,2025-09-08 05:23:38.447145,4983.18
P10082,CU1852,Commercial,2023-10-23 05:23:38.443455,2026-03-20 05:23:38.447148,1531.27
P10083,CU1516,Life,2024-03-17 05:23:38.443459,2025-11-11 05:23:38.447150,2960.94
P10084,CU1513,Commercial,2024-10-12 05:23:38.443465,2025-10-28 05:23:38.447152,3518.04
P10085,CU1021,Auto,2023-06-13 05:23:38.443469,2026-07-07 05:23:38.447155,3653.9
P10086,CU1111,Life,2024-04-27 05:23:38.443473,2026-05-12 05:23:38.447157,1418.11
P10087,CU1056,Auto,2024-04-25 05:23:38.443477,2026-07-28 05:23:38.447160,3442.97
P10088,CU1065,Commercial,2024-02-26 05:23:38.443480,2026-01-10 05:23:38.447162,4182.66
P10089,CU1841,Commercial,2024-03-27 05:23:38.443483,2025-11-15 05:23:38.447164,725.08
P10090,CU1097,Auto,2023-07-08 05:23:38.443485,2026-06-13 05:23:38.447167,4601.85
P10091,CU1143,Homeowners,2023-04-27 05:23:38.443487,2026-03-02 05:23:38.447170,632.77
P10092,CU1879,Commercial,2024-04-27 05:23:38.443499,2025-09-27 05:23:38.447172,2101.87
P10093,CU1434,Homeowners,2023-09-08 05:23:38.443501,2026-05-15 05:23:38.447175,571.16
P10094,CU1636,Commercial,2024-08-26 05:23:38.443504,2026-07-17 05:23:38.447177,847.15
P10095,CU1678,Homeowners,2024-11-06 05:23:38.443506,2025-12-20 05:23:38.447180,4600.26
P10096,CU1085,Homeowners,2023-09-11 05:23:38.443509,2025-09-28 05:23:38.447183,2096.87
P10097,CU1587,Homeowners,2023-03-29 05:23:38.443511,2026-06-30 05:23:38.447185,2411.47
P10098,CU1343,Auto,2024-07-22 05:23:38.443514,2026-06-07 05:23:38.447188,1469.05
P10099,CU1935,Homeowners,2022-11-30 05:23:38.443516,2026-01-03 05:23:38.447191,3186.93
P10100,CU1293,Homeowners,2024-05-03 05:23:38.443518,2025-12-25 05:23:38.447195,3176.61
P10101,CU1955,Homeowners,2024-05-08 05:23:38.443521,2026-06-06 05:23:38.447199,2174.9
P10102,CU1570,Commercial,2023-10-12 05:23:38.443523,2025-10-02 05:23:38.447203,1998.66
P10103,CU1649,Homeowners,2023-12-23 05:23:38.443525,2026-07-24 05:23:38.447207,4482.34
P10104,CU1610,Commercial,2023-08-30 05:23:38.443528,2025-09-05 05:23:38.447211,2224.78
P10105,CU1703,Homeowners,2023-08-04 05:23:38.443531,2025-11-02 05:23:38.447215,2720.75
P10106,CU1242,Homeowners,2023-07-22 05:23:38.443533,2025-09-30 05:23:38.447217,1774.87
P10107,CU1830,Auto,2023-05-09 05:23:38.443535,2026-06-26 05:23:38.447220,4040.46
P10108,CU1560,Commercial,2024-01-08 05:23:38.443538,2026-05-10 05:23:38.447222,2288.52
P10109,CU1959,Homeowners,2024-09-09 05:23:38.443541,2026-04-09 05:23:38.447225,2811.25
P10110,CU1031,Commercial,2025-01-06 05:23:38.443543,2025-12-30 05:23:38.447227,1640.11
P10111,CU1390,Commercial,2023-06-18 05:23:38.443546,2025-10-09 05:23:38.447230,4944.47
P10112,CU1276,Life,2024-01-08 05:23:38.443548,2026-04-13 05:23:38.447232,1811.73
P10113,CU1531,Auto,2024-05-07 05:23:38.443551,2026-05-11 05:23:38.447235,3968.34
P10114,CU1153,Auto,2022-11-09 05:23:38.443553,2026-03-06 05:23:38.447239,2423.73
P10115,CU1382,Auto,2025-01-07 05:23:38.443557,2025-12-20 05:23:38.447243,1427.98
P10116,CU1067,Life,2022-11-25 05:23:38.443560,2025-10-04 05:23:38.447247,4098.73
P10117,CU1877,Life,2023-08-18 05:23:38.443565,2026-05-24 05:23:38.447250,2001.23
P10118,CU1883,Auto,2024-11-10 05:23:38.443568,2026-01-29 05:23:38.447254,4393.37
P10119,CU1213,Life,2023-05-05 05:23:38.443572,2025-09-02 05:23:38.447259,4618.66
P10120,CU1654,Life,2023-04-22 05:23:38.443576,2026-07-21 05:23:38.447262,4369.21
P10121,CU1375,Life,2023-07-21 05:23:38.443580,2025-11-05 05:23:38.447264,657.54
P10122,CU1743,Auto,2023-08-30 05:23:38.443583,2025-10-06 05:23:38.447266,4043.18
P10123,CU1212,Auto,2024-09-27 05:23:38.443586,2026-05-03 05:23:38.447269,2351.03
P10124,CU1078,Auto,2024-11-08 05:23:38.443588,2026-05-10 05:23:38.447271,4431.75
P10125,CU1725,Life,2024-11-02 05:23:38.443591,2026-02-01 05:23:38.447274,3370.79
P10126,CU1627,Auto,2022-11-13 05:23:38.443593,2026-01-13 05:23:38.447276,4251.39
P10127,CU1603,Life,2023-05-29 05:23:38.443596,2026-04-16 05:23:38.447278,2747.44
P10128,CU1781,Homeowners,2023-07-21 05:23:38.443598,2026-03-13 05:23:38.447281,2907.61
P10129,CU1922,Life,2024-04-30 05:23:38.443604,2026-03-01 05:23:38.447284,1149.74
P10130,CU1380,Commercial,2024-08-21 05:23:38.443606,2026-03-14 05:23:38.447287,4027.94
P10131,CU1679,Auto,2024-01-09 05:23:38.443609,2026-02-04 05:23:38.447289,2387.25
P10132,CU1057,Auto,2024-05-02 05:23:38.443611,2026-05-19 05:23:38.447291,2750.36
P10133,CU1795,Commercial,2023-04-10 05:23:38.443614,2025-10-19 05:23:38.447294,4032.94
P10134,CU1025,Life,2023-10-31 05:23:38.443616,2026-01-01 05:23:38.447296,3194.8
P10135,CU1880,Homeowners,2024-06-05 05:23:38.443618,2026-06-06 05:23:38.447298,1404.94
P10136,CU1446,Commercial,2025-01-06 05:23:38.443621,2026-05-17 05:23:38.447301,3156.05
P10137,CU1065,Commercial,2024-11-06 05:23:38.443623,2025-10-18 05:23:38.447303,2334.35
P10138,CU1920,Life,2024-03-03 05:23:38.443625,2025-11-10 05:23:38.447305,2612.86
P10139,CU1759,Auto,2024-02-29 05:23:38.443628,2025-12-29 05:23:38.447308,627.4
P10140,CU1253,Life,2023-11-01 05:23:38.443630,2025-11-11 05:23:38.447310,1445.13
P10141,CU1898,Commercial,2023-09-12 05:23:38.443633,2025-11-16 05:23:38.447312,1764.67
P10142,CU1967,Commercial,2022-11-14 05:23:38.443635,2025-10-15 05:23:38.447315,3708.32
P10143,CU1043,Auto,2023-05-14 05:23:38.443638,2026-04-09 05:23:38.447317,551.72
P10144,CU1096,Auto,2022-12-15 05:23:38.443640,2026-05-12 05:23:38.447319,2339.5
P10145,CU1553,Auto,2024-01-05 05:23:38.443642,2025-11-27 05:23:38.447322,4658.12
P10146,CU1226,Life,2024-10-03 05:23:38.443645,2026-06-09 05:23:38.447324,1003.46
P10147,CU1773,Auto,2023-10-09 05:23:38.443647,2026-06-14 05:23:38.447326,2823.91
P10148,CU1678,Commercial,2024-04-03 05:23:38.443650,2025-12-22 05:23:38.447329,4039.35
P10149,CU1435,Commercial,2023-09-19 05:23:38.443653,2026-05-25 05:23:38.447332,4741.39
P10150,CU1790,Homeowners,2024-09-05 05:23:38.443655,2025-10-27 05:23:38.447334,3860.49
P10151,CU1600,Life,2023-08-14 05:23:38.443658,2025-11-01 05:23:38.447337,3742.54
P10152,CU1378,Homeowners,2024-06-10 05:23:38.443660,2026-01-09 05:23:38.447339,4219.2
P10153,CU1177,Commercial,2023-03-20 05:23:38.443663,2025-09-21 05:23:38.447341,2507.91
P10154,CU1426,Homeowners,2023-09-21 05:23:38.443665,2026-04-17 05:23:38.447345,4126.3
P10155,CU1914,Commercial,2022-11-02 05:23:38.443667,2026-05-06 05:23:38.447349,535.84
P10156,CU1708,Homeowners,2023-01-31 05:23:38.443670,2025-09-16 05:23:38.447354,4660.52
P10157,CU1306,Auto,2023-09-23 05:23:38.443672,2026-03-24 05:23:38.447357,2494.88
P10158,CU1778,Homeowners,2024-12-09 05:23:38.443675,2026-06-06 05:23:38.447361,2990.21
P10159,CU1503,Auto,2022-12-11 05:23:38.443677,2026-05-03 05:23:38.447365,1646.97
P10160,CU1267,Auto,2023-12-12 05:23:38.443679,2026-04-23 05:23:38.447369,3841.39
P10161,CU1585,Life,2024-07-04 05:23:38.443682,2026-01-01 05:23:38.447373,844.86
P10162,CU1007,Auto,2023-05-13 05:23:38.443684,2026-02-08 05:23:38.447377,4426.86
P10163,CU1919,Auto,2023-08-23 05:23:38.443686,2026-07-29 05:23:38.447381,4226.53
P10164,CU1507,Homeowners,2023-08-09 05:23:38.443689,2026-07-14 05:23:38.447383,1472.27
P10165,CU1475,Commercial,2024-07-13 05:23:38.443691,2026-06-19 05:23:38.447386,4141.96
P10166,CU1296,Life,2024-10-04 05:23:38.443694,2025-12-12 05:23:38.447388,4038.61
P10167,CU1163,Auto,2024-11-03 05:23:38.443696,2026-03-09 05:23:38.447390,3344.97
P10168,CU1484,Life,2024-11-03 05:23:38.443698,2026-02-19 05:23:38.447393,2180.84
P10169,CU1596,Homeowners,2023-08-01 05:23:38.443701,2026-04-17 05:23:38.447395,1721.74
P10170,CU1071,Auto,2023-05-10 05:23:38.443703,2025-09-09 05:23:38.447397,1543.03
P10171,CU1566,Homeowners,2022-12-06 05:23:38.443706,2025-12-02 05:23:38.447400,1933.74
P10172,CU1904,Life,2024-09-18 05:23:38.443708,2025-10-21 05:23:38.447402,4566.01
P10173,CU1558,Homeowners,2022-11-26 05:23:38.443711,2026-06-21 05:23:38.447406,849.38
P10174,CU1910,Life,2024-01-08 05:23:38.443729,2026-04-24 05:23:38.447408,4229.92
P10175,CU1943,Homeowners,2022-12-09 05:23:38.443733,2026-01-17 05:23:38.447411,2070.01
P10176,CU1237,Life,2024-06-14 05:23:38.443737,2025-11-17 05:23:38.447413,2847.2
P10177,CU1103,Commercial,2023-01-09 05:23:38.443741,2026-04-18 05:23:38.447416,4075.19
P10178,CU1209,Homeowners,2024-05-23 05:23:38.443744,2026-04-19 05:23:38.447418,4479.69
P10179,CU1553,Homeowners,2024-04-13 05:23:38.443747,2025-11-20 05:23:38.447423,2051.52
P10180,CU1827,Commercial,2023-06-08 05:23:38.443749,2026-07-17 05:23:38.447427,2578.3
P10181,CU1467,Commercial,2023-03-05 05:23:38.443752,2026-01-11 05:23:38.447431,2365.32
P10182,CU1453,Homeowners,2024-09-11 05:23:38.443754,2025-10-15 05:23:38.447435,559.63
P10183,CU1267,Commercial,2024-11-09 05:23:38.443758,2026-04-24 05:23:38.447438,1831.74
P10184,CU1385,Auto,2023-10-15 05:23:38.443761,2025-09-05 05:23:38.447443,2566.35
P10185,CU1774,Life,2023-08-11 05:23:38.443764,2026-07-05 05:23:38.447446,2349.92
P10186,CU1847,Life,2023-03-27 05:23:38.443768,2025-12-30 05:23:38.447450,3748.68
P10187,CU1386,Life,2024-05-11 05:23:38.443772,2025-09-25 05:23:38.447454,2231.62
P10188,CU1876,Auto,2024-04-28 05:23:38.443791,2026-04-15 05:23:38.447459,2702.19
P10189,CU1258,Commercial,2024-03-29 05:23:38.443795,2025-12-06 05:23:38.447462,2433.24
P10190,CU1282,Commercial,2023-07-23 05:23:38.443799,2025-09-21 05:23:38.447464,3832.82
P10191,CU1625,Homeowners,2024-01-31 05:23:38.443804,2025-11-26 05:23:38.447467,4383.38
P10192,CU1874,Commercial,2023-11-22 05:23:38.443807,2026-06-22 05:23:38.447469,2893.5
P10193,CU1039,Homeowners,2024-12-01 05:23:38.443810,2025-11-03 05:23:38.447471,4052.44
P10194,CU1485,Auto,2023-05-04 05:23:38.443812,2025-12-07 05:23:38.447474,1835.54
P10195,CU1928,Life,2022-12-06 05:23:38.443815,2026-05-19 05:23:38.447476,2936.16
P10196,CU1219,Life,2023-05-21 05:23:38.443817,2026-03-13 05:23:38.447479,2053.53
P10197,CU1128,Life,2022-12-14 05:23:38.443819,2025-12-14 05:23:38.447481,2363.9
P10198,CU1519,Commercial,2024-08-11 05:23:38.443822,2026-07-14 05:23:38.447483,3795.86
P10199,CU1612,Homeowners,2022-12-05 05:23:38.443826,2026-02-25 05:23:38.447486,4467.48
P10200,CU1927,Homeowners,2022-12-28 05:23:38.443830,2026-06-20 05:23:38.447488,1046.73
P10201,CU1891,Auto,2022-12-06 05:23:38.443835,2026-07-10 05:23:38.447491,3355.88
P10202,CU1687,Commercial,2024-01-26 05:23:38.443840,2026-02-07 05:23:38.447494,3119.65
P10203,CU1618,Auto,2024-09-23 05:23:38.443843,2026-02-27 05:23:38.447496,1032.87
P10204,CU1612,Homeowners,2023-02-15 05:23:38.443847,2026-06-24 05:23:38.447498,1453.52
P10205,CU1259,Homeowners,2024-09-12 05:23:38.443851,2026-04-27 05:23:38.447501,1899.51
P10206,CU1989,Life,2023-03-09 05:23:38.443855,2026-03-05 05:23:38.447503,1251.19
P10207,CU1965,Commercial,2024-06-24 05:23:38.443859,2025-10-08 05:23:38.447506,1596.78
P10208,CU1365,Homeowners,2023-04-13 05:23:38.443862,2025-09-02 05:23:38.447508,1704.2
P10209,CU1757,Life,2024-07-03 05:23:38.443867,2026-04-15 05:23:38.447510,2010.53
P10210,CU1786,Commercial,2024-05-10 05:23:38.443871,2026-06-03 05:23:38.447513,3872.26
P10211,CU1543,Auto,2023-11-25 05:23:38.443874,2026-01-21 05:23:38.447515,3073.6
P10212,CU1648,Commercial,2024-12-26 05:23:38.443876,2025-10-24 05:23:38.447518,4938.11
P10213,CU1523,Commercial,2023-05-31 05:23:38.443878,2025-11-18 05:23:38.447520,2366.31
P10214,CU1906,Homeowners,2024-11-10 05:23:38.443881,2025-11-19 05:23:38.447522,3892.39
P10215,CU1813,Homeowners,2023-12-21 05:23:38.443883,2026-04-26 05:23:38.447525,4421.61
P10216,CU1886,Commercial,2023-04-11 05:23:38.443886,2026-04-24 05:23:38.447527,3555.4
P10217,CU1015,Homeowners,2024-05-15 05:23:38.443888,2025-10-16 05:23:38.447531,2353.39
P10218,CU1128,Homeowners,2023-11-21 05:23:38.443891,2026-04-02 05:23:38.447535,3891.18
P10219,CU1574,Homeowners,2024-05-31 05:23:38.443893,2026-07-09 05:23:38.447539,1416.5
P10220,CU1108,Life,2024-09-15 05:23:38.443896,2025-10-18 05:23:38.447543,1973.98
P10221,CU1886,Life,2024-11-27 05:23:38.443898,2025-11-23 05:23:38.447547,2960.08
P10222,CU1532,Commercial,2024-07-09 05:23:38.443900,2025-11-19 05:23:38.447551,3089.34
P10223,CU1669,Homeowners,2023-11-25 05:23:38.443903,2025-10-12 05:23:38.447555,599.64
P10224,CU1268,Life,2023-11-10 05:23:38.443905,2026-01-28 05:23:38.447557,4753.01
P10225,CU1161,Commercial,2024-06-03 05:23:38.443908,2026-01-26 05:23:38.447559,3634.82
P10226,CU1259,Homeowners,2023-11-16 05:23:38.443910,2026-06-24 05:23:38.447562,2730.67
P10227,CU1923,Auto,2024-08-24 05:23:38.443913,2026-07-27 05:23:38.447566,4699.07
P10228,CU1101,Homeowners,2024-01-23 05:23:38.443915,2025-12-09 05:23:38.447570,2475.93
P10229,CU1505,Homeowners,2024-02-24 05:23:38.443918,2026-04-17 05:23:38.447575,4911.96
P10230,CU1734,Life,2023-05-07 05:23:38.443920,2026-01-06 05:23:38.447579,2805.28
P10231,CU1570,Commercial,2024-01-04 05:23:38.443923,2026-05-02 05:23:38.447582,1014.29
P10232,CU1246,Commercial,2023-06-06 05:23:38.443925,2026-02-03 05:23:38.447586,3941.6
P10233,CU1639,Life,2024-10-29 05:23:38.443928,2026-03-08 05:23:38.447591,3555.04
P10234,CU1794,Homeowners,2023-03-04 05:23:38.443930,2025-10-01 05:23:38.447595,3978.44
P10235,CU1836,Auto,2024-08-28 05:23:38.443933,2026-06-22 05:23:38.447600,4781.49
P10236,CU1536,Homeowners,2024-01-03 05:23:38.443935,2026-05-04 05:23:38.447604,3994.2
P10237,CU1130,Homeowners,2023-12-21 05:23:38.443938,2025-11-24 05:23:38.447608,3251.01
P10238,CU1352,Auto,2023-07-27 05:23:38.443940,2026-03-14 05:23:38.447612,4357.89
P10239,CU1195,Life,2023-02-04 05:23:38.443944,2025-10-10 05:23:38.447616,3529.61
P10240,CU1792,Commercial,2024-08-04 05:23:38.443948,2026-06-03 05:23:38.447620,2336.54
P10241,CU1915,Life,2023-10-27 05:23:38.443952,2026-05-27 05:23:38.447625,4485.29
P10242,CU1929,Life,2024-10-23 05:23:38.443956,2025-11-09 05:23:38.447628,1498.55
P10243,CU1665,Homeowners,2023-09-26 05:23:38.443959,2026-03-30 05:23:38.447631,3715.89
P10244,CU1381,Commercial,2022-11-19 05:23:38.443964,2025-11-01 05:23:38.447633,4467.04
P10245,CU1644,Commercial,2024-10-11 05:23:38.443968,2025-10-11 05:23:38.447636,3790.92
P10246,CU1226,Life,2023-06-12 05:23:38.443970,2026-04-17 05:23:38.447638,3637.74
P10247,CU1700,Auto,2023-05-06 05:23:38.443973,2026-04-17 05:23:38.447641,3886.87
P10248,CU1475,Life,2023-07-19 05:23:38.443977,2026-07-19 05:23:38.447643,2592.75
P10249,CU1476,Auto,2023-08-13 05:23:38.443981,2025-11-06 05:23:38.447645,4433.77
P10250,CU1264,Commercial,2023-02-22 05:23:38.443985,2026-06-25 05:23:38.447648,1415.46
P10251,CU1371,Life,2023-09-04 05:23:38.443990,2025-12-31 05:23:38.447650,1073.24
P10252,CU1485,Homeowners,2024-07-18 05:23:38.443994,2026-03-18 05:23:38.447652,1784.79
P10253,CU1433,Life,2024-02-07 05:23:38.443998,2026-05-27 05:23:38.447655,2892.1
P10254,CU1645,Commercial,2023-10-15 05:23:38.444000,2026-05-14 05:23:38.447657,2797.53
P10255,CU1210,Homeowners,2022-12-23 05:23:38.444003,2026-06-17 05:23:38.447659,4192.69
P10256,CU1571,Homeowners,2024-01-05 05:23:38.444005,2026-03-11 05:23:38.447663,2320.56
P10257,CU1939,Auto,2024-09-27 05:23:38.444007,2025-10-17 05:23:38.447665,2679.55
P10258,CU1376,Homeowners,2024-01-27 05:23:38.444010,2026-03-22 05:23:38.447667,560.15
P10259,CU1394,Homeowners,2023-02-19 05:23:38.444014,2026-06-13 05:23:38.447670,2343.83
P10260,CU1449,Life,2024-04-18 05:23:38.444018,2025-09-09 05:23:38.447672,3414.98
P10261,CU1942,Commercial,2024-07-19 05:23:38.444022,2026-04-28 05:23:38.447674,569.79
P10262,CU1363,Auto,2024-04-02 05:23:38.444026,2025-09-02 05:23:38.447677,1763.97
P10263,CU1875,Life,2024-10-31 05:23:38.444031,2026-07-13 05:23:38.447679,1435.8
P10264,CU1456,Homeowners,2024-08-20 05:23:38.444035,2025-08-28 05:23:38.447681,688.93
P10265,CU1724,Homeowners,2024-10-06 05:23:38.444037,2026-01-07 05:23:38.447684,2656.67
P10266,CU1727,Auto,2024-09-11 05:23:38.444039,2025-12-17 05:23:38.447686,1317.75
P10267,CU1225,Commercial,2023-12-14 05:23:38.444042,2025-09-02 05:23:38.447688,3843.87
P10268,CU1981,Auto,2024-03-29 05:23:38.444044,2026-05-14 05:23:38.447691,4315.68
P10269,CU1130,Life,2023-08-24 05:23:38.444047,2026-05-16 05:23:38.447693,2955.13
P10270,CU1587,Auto,2024-07-19 05:23:38.444049,2026-01-11 05:23:38.447696,4917.68
P10271,CU1475,Homeowners,2024-11-25 05:23:38.444052,2025-11-19 05:23:38.447698,2527.15
P10272,CU1797,Life,2024-10-07 05:23:38.444054,2026-03-29 05:23:38.447701,2810.16
P10273,CU1985,Homeowners,2023-01-25 05:23:38.444056,2026-07-01 05:23:38.447703,4951.48
P10274,CU1276,Commercial,2024-10-14 05:23:38.444059,2026-06-23 05:23:38.447705,1541.97
P10275,CU1155,Homeowners,2024-05-06 05:23:38.444061,2025-09-06 05:23:38.447707,4741.46
P10276,CU1759,Homeowners,2024-11-27 05:23:38.444063,2026-07-23 05:23:38.447710,692.77
P10277,CU1217,Auto,2024-07-31 05:23:38.444066,2025-09-03 05:23:38.447712,2508.74
P10278,CU1189,Homeowners,2024-04-30 05:23:38.444068,2025-10-09 05:23:38.447715,815.02
P10279,CU1416,Life,2023-07-31 05:23:38.444071,2026-04-19 05:23:38.447717,3781.56
P10280,CU1980,Life,2023-09-02 05:23:38.444074,2025-12-17 05:23:38.447720,3237.84
P10281,CU1674,Commercial,2023-07-08 05:23:38.444076,2026-02-27 05:23:38.447722,3679.85
P10282,CU1691,Life,2024-02-13 05:23:38.444078,2025-11-30 05:23:38.447724,2185.16
P10283,CU1545,Auto,2023-12-06 05:23:38.444081,2025-11-08 05:23:38.447726,2162.67
P10284,CU1040,Commercial,2024-05-20 05:23:38.444083,2026-01-04 05:23:38.447729,703.94
P10285,CU1306,Life,2023-06-08 05:23:38.444086,2025-11-04 05:23:38.447731,2074.75
P10286,CU1942,Auto,2023-05-06 05:23:38.444088,2026-07-20 05:23:38.447733,4681.8
P10287,CU1337,Life,2024-08-25 05:23:38.444090,2026-05-21 05:23:38.447736,2206.52
P10288,CU1313,Life,2023-07-26 05:23:38.444093,2025-09-02 05:23:38.447738,4241.15
P10289,CU1074,Homeowners,2024-03-07 05:23:38.444095,2026-03-14 05:23:38.447740,4290.46
P10290,CU1952,Life,2024-02-02 05:23:38.444098,2025-11-21 05:23:38.447743,2179.59
P10291,CU1278,Life,2024-08-27 05:23:38.444100,2026-03-14 05:23:38.447745,3343.95
P10292,CU1175,Auto,2024-02-27 05:23:38.444103,2026-06-11 05:23:38.447747,929.17
P10293,CU1895,Auto,2023-04-13 05:23:38.444105,2025-09-27 05:23:38.447750,966.55
P10294,CU1661,Homeowners,2024-05-16 05:23:38.444107,2026-06-24 05:23:38.447752,718.96
P10295,CU1272,Life,2024-08-22 05:23:38.444110,2025-11-26 05:23:38.447755,3114.57
P10296,CU1836,Homeowners,2024-11-23 05:23:38.444113,2026-04-08 05:23:38.447757,2417.32
P10297,CU1619,Life,2024-02-14 05:23:38.444118,2026-06-28 05:23:38.447759,2966.15
P10298,CU1650,Commercial,2023-12-08 05:23:38.444122,2026-06-27 05:23:38.447762,2844.83
P10299,CU1861,Commercial,2023-01-09 05:23:38.444125,2025-09-22 05:23:38.447765,2075.91
P10300,CU1782,Homeowners,2023-09-30 05:23:38.444129,2025-09-11 05:23:38.447769,3548.63
P10301,CU1858,Homeowners,2023-04-28 05:23:38.444133,2025-11-28 05:23:38.447773,3913.26
P10302,CU1930,Homeowners,2024-08-05 05:23:38.444137,2025-12-19 05:23:38.447777,565.83
P10303,CU1288,Auto,2023-12-05 05:23:38.444141,2026-02-14 05:23:38.447781,1432.59
P10304,CU1723,Auto,2023-03-16 05:23:38.444145,2026-04-12 05:23:38.447785,3709.56
P10305,CU1892,Auto,2023-02-03 05:23:38.444149,2026-07-15 05:23:38.447789,2239.79
P10306,CU1271,Homeowners,2023-10-17 05:23:38.444151,2026-07-03 05:23:38.447793,3481.18
P10307,CU1929,Life,2023-10-03 05:23:38.444154,2025-10-13 05:23:38.447797,2061.33
P10308,CU1065,Commercial,2023-03-16 05:23:38.444156,2026-04-16 05:23:38.447801,2258.4
P10309,CU1482,Homeowners,2024-11-27 05:23:38.444159,2026-01-25 05:23:38.447805,1214.05
P10310,CU1935,Auto,2024-09-20 05:23:38.444162,2026-04-04 05:23:38.447810,1662.04
P10311,CU1247,Auto,2023-11-19 05:23:38.444164,2025-12-15 05:23:38.447814,3224.35
P10312,CU1155,Homeowners,2023-06-25 05:23:38.444166,2026-04-29 05:23:38.447818,2449.23
P10313,CU1046,Homeowners,2023-04-10 05:23:38.444169,2026-02-23 05:23:38.447822,3984.36
P10314,CU1934,Auto,2023-03-11 05:23:38.444171,2026-05-11 05:23:38.447826,4336.63
P10315,CU1453,Life,2023-11-01 05:23:38.444174,2026-05-27 05:23:38.447831,2937.41
P10316,CU1200,Auto,2023-01-29 05:23:38.444176,2026-03-06 05:23:38.447835,3912.2
P10317,CU1659,Auto,2024-05-13 05:23:38.444178,2025-12-22 05:23:38.447839,1881.07
P10318,CU1123,Homeowners,2023-07-09 05:23:38.444182,2026-01-18 05:23:38.447843,2367.37
P10319,CU1000,Life,2024-05-07 05:23:38.444186,2025-12-11 05:23:38.447847,3707.5
P10320,CU1967,Auto,2023-08-28 05:23:38.444190,2026-01-29 05:23:38.447850,2237.95
P10321,CU1758,Auto,2023-12-05 05:23:38.444195,2026-06-29 05:23:38.447856,3148.27
P10322,CU1854,Commercial,2023-11-21 05:23:38.444199,2026-07-21 05:23:38.447883,1334.18
P10323,CU1639,Homeowners,2024-10-09 05:23:38.444202,2025-10-25 05:23:38.447888,3198.97
P10324,CU1190,Commercial,2024-04-09 05:23:38.444206,2026-05-01 05:23:38.447892,4376.81
P10325,CU1578,Commercial,2023-10-13 05:23:38.444210,2025-10-13 05:23:38.447896,4408.88
P10326,CU1515,Auto,2023-09-25 05:23:38.444229,2026-05-19 05:23:38.447899,3759.55
P10327,CU1441,Homeowners,2024-02-21 05:23:38.444233,2025-11-06 05:23:38.447903,3855.89
P10328,CU1920,Life,2023-06-13 05:23:38.444237,2025-09-02 05:23:38.447907,3010.67
P10329,CU1814,Auto,2023-04-07 05:23:38.444242,2026-03-14 05:23:38.447911,3131.01
P10330,CU1805,Life,2024-10-25 05:23:38.444246,2026-03-09 05:23:38.447915,1101.43
P10331,CU1142,Life,2024-02-16 05:23:38.444250,2026-04-16 05:23:38.447917,2497.37
P10332,CU1190,Homeowners,2024-11-30 05:23:38.444254,2026-05-22 05:23:38.447919,2528.49
P10333,CU1532,Commercial,2024-09-01 05:23:38.444257,2025-10-08 05:23:38.447922,4813.24
P10334,CU1226,Homeowners,2024-08-24 05:23:38.444261,2025-11-04 05:23:38.447924,2439.89
P10335,CU1312,Life,2024-08-12 05:23:38.444265,2025-09-10 05:23:38.447927,2972.04
P10336,CU1628,Auto,2025-01-08 05:23:38.444270,2026-05-21 05:23:38.447929,2899.63
P10337,CU1948,Life,2024-07-18 05:23:38.444274,2026-02-15 05:23:38.447942,3365.43
P10338,CU1301,Auto,2023-02-07 05:23:38.444278,2026-07-05 05:23:38.447944,3867.05
P10339,CU1653,Auto,2024-09-12 05:23:38.444283,2025-10-28 05:23:38.447947,1512.69
P10340,CU1995,Homeowners,2023-05-10 05:23:38.444287,2025-11-09 05:23:38.447949,2879.26
P10341,CU1459,Life,2023-09-20 05:23:38.444291,2026-04-18 05:23:38.447951,4216.63
P10342,CU1400,Commercial,2023-07-09 05:23:38.444295,2026-07-19 05:23:38.447954,2584.02
P10343,CU1550,Life,2023-11-12 05:23:38.444299,2026-04-09 05:23:38.447956,1753.06
P10344,CU1392,Life,2024-05-22 05:23:38.444303,2026-01-13 05:23:38.447958,3446.19
P10345,CU1866,Commercial,2022-12-03 05:23:38.444307,2026-04-08 05:23:38.447961,4206.95
P10346,CU1763,Homeowners,2024-09-23 05:23:38.444311,2026-05-27 05:23:38.447963,784.13
P10347,CU1844,Life,2024-07-01 05:23:38.444315,2025-09-08 05:23:38.447965,3995.56
P10348,CU1206,Life,2023-04-06 05:23:38.444319,2025-10-18 05:23:38.447968,4197.42
P10349,CU1209,Auto,2023-06-24 05:23:38.444324,2026-03-06 05:23:38.447970,2576.85
P10350,CU1114,Life,2023-03-18 05:23:38.444327,2026-06-15 05:23:38.447985,4924.88
P10351,CU1736,Commercial,2022-12-21 05:23:38.444331,2025-12-28 05:23:38.447989,4040.19
P10352,CU1645,Auto,2023-07-12 05:23:38.444335,2026-04-09 05:23:38.447993,3981.48
P10353,CU1250,Homeowners,2023-05-12 05:23:38.444340,2025-12-13 05:23:38.447998,3865.27
P10354,CU1218,Auto,2023-01-05 05:23:38.444345,2026-01-14 05:23:38.448001,1177.74
P10355,CU1406,Commercial,2023-02-10 05:23:38.444349,2026-01-26 05:23:38.448006,1477.54
P10356,CU1442,Commercial,2023-09-30 05:23:38.444353,2025-11-27 05:23:38.448009,2587.96
P10357,CU1602,Auto,2023-06-17 05:23:38.444357,2025-10-17 05:23:38.448011,1688.02
P10358,CU1353,Homeowners,2024-02-12 05:23:38.444361,2025-11-01 05:23:38.448013,2368.58
P10359,CU1887,Auto,2023-04-25 05:23:38.444365,2026-05-04 05:23:38.448015,4498.09
P10360,CU1557,Homeowners,2024-08-17 05:23:38.444369,2026-02-06 05:23:38.448018,4209.47
P10361,CU1549,Auto,2023-12-22 05:23:38.444373,2026-07-02 05:23:38.448020,3335.18
P10362,CU1141,Commercial,2024-02-15 05:23:38.444377,2026-01-24 05:23:38.448022,4361.54
P10363,CU1611,Life,2023-12-07 05:23:38.444382,2026-04-24 05:23:38.448025,4026.98
P10364,CU1500,Life,2024-07-30 05:23:38.444525,2026-03-05 05:23:38.448027,2430.43
P10365,CU1839,Homeowners,2023-02-07 05:23:38.444534,2025-10-11 05:23:38.448029,1404.79
P10366,CU1701,Homeowners,2024-05-29 05:23:38.444539,2025-12-04 05:23:38.448031,2813.9
P10367,CU1546,Homeowners,2023-09-13 05:23:38.444543,2026-05-15 05:23:38.448034,3813.03
P10368,CU1658,Commercial,2024-11-28 05:23:38.444547,2026-01-04 05:23:38.448036,2463.89
P10369,CU1541,Auto,2023-02-01 05:23:38.444551,2025-12-26 05:23:38.448048,3500.47
P10370,CU1845,Commercial,2023-06-27 05:23:38.444555,2026-06-13 05:23:38.448051,924.47
P10371,CU1506,Life,2023-10-03 05:23:38.444559,2026-03-27 05:23:38.448053,3866.02
P10372,CU1595,Homeowners,2023-10-18 05:23:38.444563,2026-03-24 05:23:38.448056,4157.21
P10373,CU1880,Auto,2023-10-20 05:23:38.444566,2026-07-11 05:23:38.448058,3680.77
P10374,CU1280,Life,2023-04-24 05:23:38.444570,2025-12-08 05:23:38.448061,4852.69
P10375,CU1423,Life,2023-12-27 05:23:38.444574,2026-06-30 05:23:38.448063,4219.93
P10376,CU1855,Life,2023-08-30 05:23:38.444578,2026-01-26 05:23:38.448065,4563.92
P10377,CU1269,Commercial,2024-03-17 05:23:38.444582,2026-03-30 05:23:38.448068,4701.07
P10378,CU1153,Homeowners,2023-11-13 05:23:38.444586,2026-06-29 05:23:38.448070,4106.07
P10379,CU1613,Life,2023-06-18 05:23:38.444594,2026-05-06 05:23:38.448076,3534.16
P10380,CU1726,Homeowners,2024-10-13 05:23:38.444598,2025-11-03 05:23:38.448079,525.73
P10381,CU1661,Commercial,2022-11-22 05:23:38.444602,2025-11-20 05:23:38.448081,2596.22
P10382,CU1943,Life,2023-11-01 05:23:38.444606,2025-11-19 05:23:38.448083,3070.23
P10383,CU1082,Commercial,2024-10-19 05:23:38.444610,2026-05-12 05:23:38.448086,1868.14
P10384,CU1621,Commercial,2024-04-14 05:23:38.444614,2025-12-04 05:23:38.448088,1931.47
P10385,CU1946,Homeowners,2024-10-12 05:23:38.444618,2025-12-21 05:23:38.448090,4825.22
P10386,CU1898,Life,2024-08-24 05:23:38.444623,2025-08-28 05:23:38.448092,4512.7
P10387,CU1425,Commercial,2022-11-09 05:23:38.444627,2026-05-26 05:23:38.448095,4321.31
P10388,CU1274,Life,2024-06-13 05:23:38.444631,2026-03-29 05:23:38.448097,2327.05
P10389,CU1712,Homeowners,2023-02-17 05:23:38.444635,2025-10-17 05:23:38.448101,561.64
P10390,CU1283,Commercial,2023-06-06 05:23:38.444638,2026-05-13 05:23:38.448105,861.0
P10391,CU1979,Homeowners,2023-07-28 05:23:38.444642,2026-04-03 05:23:38.448109,1904.88
P10392,CU1172,Life,2024-03-14 05:23:38.444646,2025-11-10 05:23:38.448113,570.84
P10393,CU1326,Life,2024-12-22 05:23:38.444650,2025-12-01 05:23:38.448117,577.17
P10394,CU1717,Homeowners,2024-08-27 05:23:38.444655,2026-03-20 05:23:38.448121,4624.71
P10395,CU1062,Auto,2024-07-19 05:23:38.444659,2025-12-15 05:23:38.448124,3677.71
P10396,CU1072,Commercial,2023-01-21 05:23:38.444663,2026-04-25 05:23:38.448128,1890.3
P10397,CU1762,Life,2023-05-14 05:23:38.444667,2026-05-29 05:23:38.448132,1096.9
P10398,CU1635,Life,2024-11-03 05:23:38.444671,2026-03-01 05:23:38.448137,2802.36
P10399,CU1374,Commercial,2023-09-26 05:23:38.444675,2026-03-05 05:23:38.448141,524.06
P10400,CU1632,Homeowners,2024-01-18 05:23:38.444679,2026-06-25 05:23:38.448143,4722.86
P10401,CU1507,Homeowners,2023-10-22 05:23:38.444695,2025-10-25 05:23:38.448147,2366.67
P10402,CU1786,Homeowners,2024-12-16 05:23:38.444698,2026-05-05 05:23:38.448149,2310.51
P10403,CU1942,Auto,2023-07-05 05:23:38.444701,2026-05-27 05:23:38.448152,2257.67
P10404,CU1397,Auto,2024-07-14 05:23:38.444703,2026-03-20 05:23:38.448154,811.98
P10405,CU1119,Life,2023-03-17 05:23:38.444705,2026-07-06 05:23:38.448158,3372.45
P10406,CU1933,Homeowners,2023-06-27 05:23:38.444708,2026-01-12 05:23:38.448160,3798.52
P10407,CU1436,Commercial,2024-09-21 05:23:38.444711,2026-03-11 05:23:38.448162,3542.56
P10408,CU1828,Life,2024-05-07 05:23:38.444713,2026-01-27 05:23:38.448165,1122.96
P10409,CU1675,Commercial,2023-09-19 05:23:38.444716,2025-09-10 05:23:38.448167,3104.78
P10410,CU1935,Life,2023-11-08 05:23:38.444718,2025-12-30 05:23:38.448169,3062.68
P10411,CU1464,Auto,2023-09-27 05:23:38.444721,2025-09-28 05:23:38.448172,4407.85
P10412,CU1285,Life,2024-12-12 05:23:38.444723,2026-05-12 05:23:38.448174,2206.07
P10413,CU1264,Auto,2023-03-12 05:23:38.444738,2026-06-09 05:23:38.448177,2171.69
P10414,CU1319,Life,2024-06-13 05:23:38.444742,2026-07-03 05:23:38.448179,3283.37
P10415,CU1672,Homeowners,2023-10-27 05:23:38.444746,2026-06-15 05:23:38.448181,3348.83
P10416,CU1375,Commercial,2024-10-29 05:23:38.444750,2025-12-05 05:23:38.448185,2611.78
P10417,CU1819,Homeowners,2024-03-12 05:23:38.444754,2025-10-30 05:23:38.448187,2493.77
P10418,CU1088,Life,2023-12-28 05:23:38.444758,2026-02-07 05:23:38.448190,2723.66
P10419,CU1653,Life,2023-04-03 05:23:38.444762,2025-10-20 05:23:38.448192,4374.7
P10420,CU1202,Life,2023-10-02 05:23:38.444765,2026-01-12 05:23:38.448194,2575.25
P10421,CU1820,Auto,2023-10-20 05:23:38.444767,2026-05-27 05:23:38.448197,4729.69
P10422,CU1738,Commercial,2024-03-17 05:23:38.444769,2026-01-07 05:23:38.448199,2768.02
P10423,CU1954,Commercial,2023-02-01 05:23:38.444772,2025-11-01 05:23:38.448201,4771.4
P10424,CU1333,Life,2023-07-03 05:23:38.444774,2026-03-15 05:23:38.448204,4247.74
P10425,CU1221,Life,2024-01-06 05:23:38.444777,2025-12-11 05:23:38.448206,2130.94
P10426,CU1040,Auto,2023-01-21 05:23:38.444779,2026-02-23 05:23:38.448208,4386.39
P10427,CU1707,Homeowners,2024-08-27 05:23:38.444781,2026-05-18 05:23:38.448210,995.28
P10428,CU1067,Homeowners,2023-06-26 05:23:38.444784,2025-12-30 05:23:38.448213,4662.71
P10429,CU1987,Commercial,2024-08-29 05:23:38.444787,2026-05-09 05:23:38.448215,3342.4
P10430,CU1775,Auto,2024-04-24 05:23:38.444789,2025-12-16 05:23:38.448217,744.76
P10431,CU1513,Life,2024-06-29 05:23:38.444792,2026-07-27 05:23:38.448220,3399.16
P10432,CU1872,Commercial,2023-05-10 05:23:38.444794,2025-08-29 05:23:38.448222,4884.11
P10433,CU1636,Auto,2022-11-04 05:23:38.444797,2026-04-16 05:23:38.448224,814.1
P10434,CU1621,Homeowners,2023-07-05 05:23:38.444799,2026-01-22 05:23:38.448226,2996.09
P10435,CU1597,Auto,2023-01-17 05:23:38.444801,2026-04-25 05:23:38.448229,3865.07
P10436,CU1936,Homeowners,2024-09-01 05:23:38.444803,2026-05-31 05:23:38.448237,4146.16
P10437,CU1631,Auto,2024-07-31 05:23:38.444806,2026-01-01 05:23:38.448240,2362.22
P10438,CU1126,Commercial,2023-05-14 05:23:38.444809,2026-07-24 05:23:38.448242,1418.75
P10439,CU1254,Homeowners,2024-03-21 05:23:38.444811,2025-11-03 05:23:38.448245,690.54
P10440,CU1694,Commercial,2023-01-18 05:23:38.444813,2025-11-20 05:23:38.448247,3108.77
P10441,CU1015,Commercial,2023-01-29 05:23:38.444816,2026-06-22 05:23:38.448249,2538.1
P10442,CU1476,Homeowners,2024-08-29 05:23:38.444818,2026-06-30 05:23:38.448251,4769.35
P10443,CU1061,Homeowners,2023-02-23 05:23:38.444821,2026-04-05 05:23:38.448254,772.72
P10444,CU1880,Life,2022-12-15 05:23:38.444823,2026-04-25 05:23:38.448256,3584.28
P10445,CU1431,Life,2024-12-11 05:23:38.444826,2025-12-08 05:23:38.448259,612.35
P10446,CU1669,Life,2024-08-07 05:23:38.444828,2026-05-06 05:23:38.448261,1271.45
P10447,CU1267,Commercial,2024-04-21 05:23:38.444830,2026-05-10 05:23:38.448263,2541.11
P10448,CU1034,Commercial,2024-05-28 05:23:38.444833,2025-09-23 05:23:38.448266,2546.93
P10449,CU1778,Life,2024-07-24 05:23:38.444836,2026-07-16 05:23:38.448268,3585.65
P10450,CU1575,Commercial,2024-11-28 05:23:38.444838,2026-06-12 05:23:38.448271,4595.96
P10451,CU1493,Commercial,2022-11-16 05:23:38.444840,2026-03-22 05:23:38.448274,3375.64
P10452,CU1561,Homeowners,2024-09-02 05:23:38.444843,2026-04-19 05:23:38.448278,4790.91
P10453,CU1468,Homeowners,2024-05-05 05:23:38.444845,2026-03-17 05:23:38.448282,4467.27
P10454,CU1766,Commercial,2024-09-08 05:23:38.444849,2026-02-03 05:23:38.448286,3130.25
P10455,CU1660,Life,2023-02-28 05:23:38.444853,2026-01-26 05:23:38.448290,4252.06
P10456,CU1324,Auto,2024-01-05 05:23:38.444857,2025-10-23 05:23:38.448294,3391.6
P10457,CU1303,Life,2024-02-11 05:23:38.444877,2025-08-30 05:23:38.448304,853.51
P10458,CU1275,Auto,2023-05-16 05:23:38.444882,2026-05-28 05:23:38.448306,3832.54
P10459,CU1868,Life,2023-04-15 05:23:38.444886,2025-11-03 05:23:38.448309,927.09
P10460,CU1962,Homeowners,2023-10-20 05:23:38.444890,2026-05-30 05:23:38.448313,3173.37
P10461,CU1683,Commercial,2023-10-03 05:23:38.444892,2026-06-18 05:23:38.448317,3661.88
P10462,CU1928,Commercial,2024-12-16 05:23:38.444895,2026-04-28 05:23:38.448321,799.37
P10463,CU1200,Homeowners,2023-03-26 05:23:38.444897,2025-10-10 05:23:38.448325,1538.58
P10464,CU1444,Auto,2024-09-01 05:23:38.444900,2025-11-07 05:23:38.448329,4620.53
P10465,CU1904,Auto,2024-08-02 05:23:38.444902,2026-06-10 05:23:38.448333,3273.42
P10466,CU1323,Auto,2022-11-04 05:23:38.444905,2025-09-23 05:23:38.448336,1608.29
P10467,CU1034,Homeowners,2024-06-22 05:23:38.444907,2026-06-20 05:23:38.448338,3608.06
P10468,CU1976,Auto,2024-03-22 05:23:38.444909,2026-07-18 05:23:38.448340,3185.49
P10469,CU1481,Homeowners,2023-05-06 05:23:38.444912,2025-10-24 05:23:38.448343,2757.09
P10470,CU1727,Life,2023-01-18 05:23:38.444914,2026-04-19 05:23:38.448345,4892.84
P10471,CU1479,Life,2024-08-10 05:23:38.444916,2026-01-25 05:23:38.448348,3575.54
P10472,CU1064,Homeowners,2023-04-04 05:23:38.444919,2026-06-07 05:23:38.448350,2189.48
P10473,CU1007,Commercial,2022-12-19 05:23:38.444921,2025-12-10 05:23:38.448353,4100.33
P10474,CU1300,Life,2023-03-06 05:23:38.444924,2026-04-09 05:23:38.448355,4480.62
P10475,CU1342,Auto,2023-10-25 05:23:38.444927,2025-11-02 05:23:38.448357,1063.49
P10476,CU1430,Homeowners,2024-09-12 05:23:38.444929,2026-07-20 05:23:38.448360,1402.49
P10477,CU1423,Auto,2023-07-19 05:23:38.444932,2025-09-18 05:23:38.448362,1473.02
P10478,CU1331,Auto,2024-10-09 05:23:38.444934,2026-07-25 05:23:38.448364,3610.45
P10479,CU1437,Commercial,2023-11-14 05:23:38.444937,2025-09-07 05:23:38.448367,3213.68
P10480,CU1587,Auto,2022-12-29 05:23:38.444941,2025-10-11 05:23:38.448370,3285.46
P10481,CU1173,Commercial,2023-07-22 05:23:38.444945,2026-02-02 05:23:38.448372,4733.48
P10482,CU1558,Life,2024-04-18 05:23:38.444949,2026-03-28 05:23:38.448375,3991.6
P10483,CU1526,Homeowners,2023-11-02 05:23:38.444953,2025-12-29 05:23:38.448377,1075.72
P10484,CU1872,Auto,2022-12-16 05:23:38.444959,2025-12-08 05:23:38.448379,2063.78
P10485,CU1658,Homeowners,2023-08-07 05:23:38.444963,2026-01-03 05:23:38.448381,2459.27
P10486,CU1025,Auto,2024-07-25 05:23:38.444966,2026-05-09 05:23:38.448384,2281.83
P10487,CU1819,Homeowners,2023-12-18 05:23:38.444968,2026-05-15 05:23:38.448701,3511.89
P10488,CU1604,Auto,2024-07-01 05:23:38.444971,2026-03-22 05:23:38.448707,4513.52
P10489,CU1405,Auto,2024-12-12 05:23:38.444973,2026-06-18 05:23:38.448712,1877.23
P10490,CU1231,Auto,2023-09-17 05:23:38.444976,2025-11-25 05:23:38.448715,2983.45
P10491,CU1532,Auto,2023-03-23 05:23:38.444978,2026-04-11 05:23:38.448717,4052.34
P10492,CU1818,Auto,2024-11-26 05:23:38.444981,2026-01-31 05:23:38.448720,2372.98
P10493,CU1549,Auto,2022-11-21 05:23:38.444983,2025-10-31 05:23:38.448725,1256.53
P10494,CU1787,Auto,2023-09-24 05:23:38.444986,2025-10-27 05:23:38.448727,2637.28
P10495,CU1504,Auto,2024-03-24 05:23:38.444989,2026-01-19 05:23:38.448730,748.5
P10496,CU1668,Auto,2023-05-02 05:23:38.444992,2026-04-14 05:23:38.448732,4740.73
P10497,CU1178,Homeowners,2022-12-19 05:23:38.444994,2025-10-16 05:23:38.448735,836.7
P10498,CU1131,Commercial,2024-11-12 05:23:38.444997,2025-12-17 05:23:38.448737,2473.06
P10499,CU1822,Auto,2023-01-24 05:23:38.444999,2026-05-17 05:23:38.448739,2884.47
P10500,CU1454,Commercial,2023-01-04 05:23:38.445001,2025-10-02 05:23:38.448741,4933.87
P10501,CU1347,Auto,2023-04-16 05:23:38.445004,2025-11-10 05:23:38.448744,1247.1
P10502,CU1539,Auto,2023-04-22 05:23:38.445006,2026-02-15 05:23:38.448746,1014.94
P10503,CU1771,Homeowners,2024-11-01 05:23:38.445009,2025-12-15 05:23:38.448749,539.18
P10504,CU1405,Life,2023-10-07 05:23:38.445011,2026-05-28 05:23:38.448751,1200.07
P10505,CU1075,Life,2023-04-10 05:23:38.445014,2026-04-07 05:23:38.448753,1432.73
P10506,CU1940,Homeowners,2023-07-19 05:23:38.445017,2026-01-24 05:23:38.448756,3337.61
P10507,CU1578,Commercial,2023-01-30 05:23:38.445020,2025-12-09 05:23:38.448759,1488.68
P10508,CU1853,Life,2023-06-04 05:23:38.445024,2026-07-21 05:23:38.448761,592.34
P10509,CU1491,Homeowners,2024-02-10 05:23:38.445028,2026-02-06 05:23:38.448763,4219.78
P10510,CU1193,Homeowners,2023-01-27 05:23:38.445032,2025-09-01 05:23:38.448766,2145.18
P10511,CU1983,Life,2024-08-28 05:23:38.445037,2026-03-18 05:23:38.448768,2091.64
P10512,CU1161,Commercial,2024-01-16 05:23:38.445041,2026-05-20 05:23:38.448771,1861.16
P10513,CU1346,Homeowners,2023-09-27 05:23:38.445044,2025-09-28 05:23:38.448784,4889.18
P10514,CU1950,Auto,2024-03-19 05:23:38.445046,2025-09-23 05:23:38.448787,1265.52
P10515,CU1360,Commercial,2023-03-24 05:23:38.445049,2026-03-19 05:23:38.448789,4542.07
P10516,CU1768,Commercial,2024-09-13 05:23:38.445051,2025-11-21 05:23:38.448792,3995.61
P10517,CU1583,Life,2023-06-19 05:23:38.445053,2026-01-28 05:23:38.448794,844.16
P10518,CU1086,Life,2023-12-21 05:23:38.445056,2026-01-11 05:23:38.448796,4940.28
P10519,CU1933,Auto,2023-03-06 05:23:38.445058,2025-09-14 05:23:38.448798,1721.15
P10520,CU1261,Homeowners,2024-09-12 05:23:38.445060,2026-07-21 05:23:38.448801,943.62
P10521,CU1213,Life,2024-03-16 05:23:38.445063,2025-11-24 05:23:38.448807,4231.91
P10522,CU1664,Life,2023-12-23 05:23:38.445066,2026-02-15 05:23:38.448810,3680.04
P10523,CU1721,Commercial,2024-05-05 05:23:38.445068,2025-12-06 05:23:38.448812,3277.48
P10524,CU1912,Life,2024-12-30 05:23:38.445070,2026-07-13 05:23:38.448815,1201.91
P10525,CU1572,Life,2024-10-21 05:23:38.445073,2026-04-03 05:23:38.448817,2653.23
P10526,CU1779,Life,2023-09-25 05:23:38.445076,2026-01-25 05:23:38.448819,4012.5
P10527,CU1261,Life,2024-01-29 05:23:38.445078,2025-09-29 05:23:38.448822,1866.31
P10528,CU1729,Commercial,2024-10-26 05:23:38.445080,2026-01-02 05:23:38.448824,1902.6
P10529,CU1282,Auto,2024-11-12 05:23:38.445083,2025-12-02 05:23:38.448826,514.13
P10530,CU1647,Auto,2024-04-02 05:23:38.445085,2025-11-28 05:23:38.448829,1284.1
P10531,CU1466,Homeowners,2024-07-04 05:23:38.445089,2026-03-17 05:23:38.448831,4439.33
P10532,CU1379,Life,2024-02-12 05:23:38.445093,2025-08-31 05:23:38.448833,2487.86
P10533,CU1361,Commercial,2024-03-01 05:23:38.445097,2025-11-08 05:23:38.448836,4929.06
P10534,CU1448,Homeowners,2024-04-24 05:23:38.445101,2026-02-23 05:23:38.448838,2280.69
P10535,CU1440,Homeowners,2024-09-02 05:23:38.445105,2026-03-24 05:23:38.448840,3718.34
P10536,CU1092,Auto,2024-03-25 05:23:38.445109,2025-11-18 05:23:38.448843,1768.64
P10537,CU1620,Commercial,2022-12-08 05:23:38.445113,2026-05-15 05:23:38.448847,2137.14
P10538,CU1752,Commercial,2022-12-01 05:23:38.445117,2025-11-03 05:23:38.448851,1358.27
P10539,CU1866,Commercial,2024-09-22 05:23:38.445122,2025-09-14 05:23:38.448855,2061.78
P10540,CU1423,Auto,2024-10-09 05:23:38.445126,2026-04-14 05:23:38.448859,2962.57
P10541,CU1141,Auto,2024-07-14 05:23:38.445130,2025-12-13 05:23:38.448863,4962.98
P10542,CU1290,Auto,2023-07-09 05:23:38.445132,2026-04-27 05:23:38.448867,3488.91
P10543,CU1431,Auto,2024-04-21 05:23:38.445134,2026-04-17 05:23:38.448870,1396.61
P10544,CU1748,Auto,2023-04-03 05:23:38.445137,2025-12-05 05:23:38.448874,702.33
P10545,CU1851,Life,2024-11-11 05:23:38.445139,2026-06-16 05:23:38.448878,1068.6
P10546,CU1823,Life,2024-02-03 05:23:38.445142,2026-05-12 05:23:38.448882,3031.5
P10547,CU1688,Commercial,2023-03-10 05:23:38.445144,2026-02-24 05:23:38.448886,3943.22
P10548,CU1652,Homeowners,2024-08-26 05:23:38.445147,2026-07-03 05:23:38.448890,4731.89
P10549,CU1700,Commercial,2024-07-12 05:23:38.445149,2026-02-03 05:23:38.448894,571.2
P10550,CU1997,Homeowners,2024-10-04 05:23:38.445151,2026-02-18 05:23:38.448898,2852.42
P10551,CU1048,Auto,2024-10-06 05:23:38.445153,2026-07-21 05:23:38.448902,2618.9
P10552,CU1301,Homeowners,2024-04-29 05:23:38.445156,2026-03-09 05:23:38.448907,3452.25
P10553,CU1880,Commercial,2023-10-07 05:23:38.445158,2026-05-31 05:23:38.448911,3018.1
P10554,CU1189,Commercial,2024-06-21 05:23:38.445161,2026-06-15 05:23:38.448915,3591.68
P10555,CU1135,Homeowners,2024-09-29 05:23:38.445163,2026-04-26 05:23:38.448919,3461.37
P10556,CU1554,Life,2024-12-28 05:23:38.445165,2026-01-18 05:23:38.448923,1026.55
P10557,CU1403,Auto,2023-06-14 05:23:38.445168,2025-12-19 05:23:38.448927,4098.73
P10558,CU1891,Auto,2023-10-25 05:23:38.445170,2026-04-11 05:23:38.448931,1054.55
P10559,CU1864,Commercial,2022-12-31 05:23:38.445172,2026-01-23 05:23:38.448935,3643.39
P10560,CU1601,Life,2022-12-30 05:23:38.445175,2026-01-29 05:23:38.448939,2372.65
P10561,CU1806,Homeowners,2023-07-23 05:23:38.445178,2025-09-26 05:23:38.448943,2812.33
P10562,CU1340,Auto,2024-12-15 05:23:38.445180,2025-09-25 05:23:38.448947,4564.84
P10563,CU1756,Life,2023-03-07 05:23:38.445183,2026-06-21 05:23:38.448951,4504.48
P10564,CU1944,Auto,2022-12-29 05:23:38.445185,2026-03-24 05:23:38.448955,4180.35
P10565,CU1703,Life,2023-06-28 05:23:38.445187,2025-10-05 05:23:38.448959,2795.67
P10566,CU1317,Life,2023-11-21 05:23:38.445191,2025-12-01 05:23:38.448963,3813.08
P10567,CU1617,Commercial,2025-01-09 05:23:38.445195,2025-09-12 05:23:38.448967,2808.04
P10568,CU1362,Auto,2023-09-08 05:23:38.445199,2025-12-10 05:23:38.448971,4413.23
P10569,CU1821,Homeowners,2024-07-15 05:23:38.445204,2026-01-30 05:23:38.448975,2312.49
P10570,CU1381,Commercial,2023-07-23 05:23:38.445207,2026-07-10 05:23:38.448978,4866.06
P10571,CU1232,Commercial,2023-01-24 05:23:38.445212,2025-09-08 05:23:38.448981,4695.45
P10572,CU1776,Homeowners,2024-10-26 05:23:38.445216,2026-04-28 05:23:38.448983,3837.21
P10573,CU1343,Commercial,2023-08-03 05:23:38.445220,2025-11-06 05:23:38.448986,1757.37
P10574,CU1548,Life,2022-12-24 05:23:38.445225,2025-11-18 05:23:38.448989,1092.44
P10575,CU1816,Life,2024-10-03 05:23:38.445227,2026-05-29 05:23:38.448991,4346.17
P10576,CU1552,Auto,2022-11-23 05:23:38.445230,2026-05-28 05:23:38.448995,1243.86
P10577,CU1528,Auto,2023-08-03 05:23:38.445232,2025-11-04 05:23:38.448999,4344.17
P10578,CU1855,Homeowners,2023-05-21 05:23:38.445235,2026-01-25 05:23:38.449003,2708.44
P10579,CU1788,Auto,2023-07-21 05:23:38.445237,2026-03-14 05:23:38.449008,2329.51
P10580,CU1818,Life,2023-12-17 05:23:38.445240,2026-01-27 05:23:38.449012,4564.36
P10581,CU1570,Homeowners,2023-01-30 05:23:38.445242,2026-01-12 05:23:38.449016,3217.33
P10582,CU1934,Homeowners,2024-09-17 05:23:38.445244,2026-02-25 05:23:38.449018,3094.76
P10583,CU1182,Auto,2023-05-18 05:23:38.445247,2025-10-30 05:23:38.449021,3014.45
P10584,CU1040,Life,2024-09-19 05:23:38.445249,2026-01-09 05:23:38.449023,2170.26
P10585,CU1550,Homeowners,2023-07-30 05:23:38.445251,2025-09-26 05:23:38.449026,4035.39
P10586,CU1396,Life,2024-02-06 05:23:38.445254,2026-01-29 05:23:38.449028,1637.59
P10587,CU1703,Life,2024-09-21 05:23:38.445256,2025-11-24 05:23:38.449030,4725.03
P10588,CU1778,Life,2023-05-26 05:23:38.445259,2025-10-24 05:23:38.449033,4522.93
P10589,CU1493,Auto,2024-10-03 05:23:38.445261,2026-03-01 05:23:38.449035,2018.66
P10590,CU1658,Commercial,2025-01-07 05:23:38.445264,2025-09-18 05:23:38.449037,3782.59
P10591,CU1906,Commercial,2024-07-24 05:23:38.445266,2026-06-23 05:23:38.449039,3079.5
P10592,CU1332,Homeowners,2024-09-09 05:23:38.445268,2026-03-28 05:23:38.449042,2019.42
P10593,CU1126,Life,2024-12-29 05:23:38.445286,2026-01-10 05:23:38.449050,4948.35
P10594,CU1557,Auto,2024-12-12 05:23:38.445290,2026-01-26 05:23:38.449052,613.57
P10595,CU1556,Life,2024-05-06 05:23:38.445294,2026-07-18 05:23:38.449054,1636.91
P10596,CU1000,Life,2024-06-07 05:23:38.445298,2025-10-22 05:23:38.449057,2840.33
P10597,CU1167,Auto,2024-08-16 05:23:38.445302,2025-10-19 05:23:38.449059,2848.79
P10598,CU1619,Commercial,2023-06-10 05:23:38.445306,2025-10-24 05:23:38.449062,3150.2
P10599,CU1018,Life,2023-11-12 05:23:38.445309,2025-10-22 05:23:38.449064,3882.54
P10600,CU1331,Life,2024-06-19 05:23:38.445313,2026-01-17 05:23:38.449066,3305.65
P10601,CU1583,Commercial,2023-10-22 05:23:38.445317,2025-12-14 05:23:38.449069,3201.27
P10602,CU1455,Auto,2023-02-09 05:23:38.445320,2026-05-03 05:23:38.449071,740.82
P10603,CU1956,Homeowners,2024-08-12 05:23:38.445322,2025-09-07 05:23:38.449073,2194.39
P10604,CU1108,Commercial,2023-01-30 05:23:38.445325,2025-09-15 05:23:38.449076,1544.25
P10605,CU1267,Homeowners,2022-11-10 05:23:38.445327,2025-12-25 05:23:38.449079,1694.17
P10606,CU1444,Homeowners,2024-03-16 05:23:38.445329,2026-05-06 05:23:38.449090,2994.52
P10607,CU1239,Commercial,2024-06-17 05:23:38.445332,2025-11-14 05:23:38.449094,1397.77
P10608,CU1928,Life,2024-09-29 05:23:38.445334,2026-07-19 05:23:38.449098,1822.77
P10609,CU1300,Homeowners,2023-07-16 05:23:38.445337,2026-02-07 05:23:38.449102,1566.88
P10610,CU1601,Homeowners,2024-05-18 05:23:38.445339,2026-07-05 05:23:38.449105,4768.26
P10611,CU1102,Auto,2023-09-25 05:23:38.445341,2025-10-27 05:23:38.449107,4751.0
P10612,CU1987,Life,2023-09-18 05:23:38.445344,2026-03-16 05:23:38.449110,3244.74
P10613,CU1249,Homeowners,2023-12-06 05:23:38.445346,2025-09-17 05:23:38.449112,4660.35
P10614,CU1452,Auto,2024-04-27 05:23:38.445348,2026-05-09 05:23:38.449115,4036.16
P10615,CU1519,Life,2022-11-26 05:23:38.445351,2026-07-09 05:23:38.449117,3154.77
P10616,CU1152,Commercial,2023-01-13 05:23:38.445353,2026-03-20 05:23:38.449120,528.96
P10617,CU1858,Commercial,2024-04-29 05:23:38.445355,2026-03-18 05:23:38.449122,3976.32
P10618,CU1173,Auto,2024-09-03 05:23:38.445358,2025-10-26 05:23:38.449124,3661.2
P10619,CU1342,Commercial,2024-12-12 05:23:38.445360,2026-03-01 05:23:38.449126,3268.64
P10620,CU1669,Homeowners,2023-07-18 05:23:38.445362,2026-03-14 05:23:38.449129,3921.91
P10621,CU1430,Life,2024-05-23 05:23:38.445365,2025-11-09 05:23:38.449131,2808.15
P10622,CU1726,Homeowners,2023-09-23 05:23:38.445367,2025-10-22 05:23:38.449133,3668.37
P10623,CU1688,Homeowners,2023-06-21 05:23:38.445369,2026-06-07 05:23:38.449136,4708.27
P10624,CU1686,Commercial,2023-05-01 05:23:38.445372,2026-02-13 05:23:38.449138,2191.12
P10625,CU1851,Homeowners,2022-12-30 05:23:38.445374,2026-04-08 05:23:38.449140,3686.55
P10626,CU1849,Commercial,2023-07-28 05:23:38.445378,2026-07-13 05:23:38.449142,2640.6
P10627,CU1657,Life,2023-06-24 05:23:38.445382,2026-01-25 05:23:38.449145,3534.8
P10628,CU1961,Life,2024-05-10 05:23:38.445386,2025-11-26 05:23:38.449147,3933.02
P10629,CU1323,Homeowners,2023-03-20 05:23:38.445391,2025-11-14 05:23:38.449149,704.54
P10630,CU1989,Auto,2023-12-13 05:23:38.445395,2026-05-23 05:23:38.449152,3409.7
P10631,CU1672,Commercial,2023-04-02 05:23:38.445399,2026-01-03 05:23:38.449154,1520.34
P10632,CU1638,Commercial,2023-10-05 05:23:38.445402,2026-04-28 05:23:38.449156,3515.15
P10633,CU1419,Homeowners,2024-04-13 05:23:38.445406,2025-08-29 05:23:38.449159,2607.49
P10634,CU1593,Commercial,2023-12-01 05:23:38.445410,2026-03-10 05:23:38.449161,3980.99
P10635,CU1484,Commercial,2023-05-11 05:23:38.445414,2026-03-01 05:23:38.449163,1055.3
P10636,CU1658,Auto,2023-12-09 05:23:38.445418,2025-12-08 05:23:38.449166,3318.45
P10637,CU1750,Auto,2024-08-21 05:23:38.445422,2025-12-15 05:23:38.449168,1753.12
P10638,CU1411,Homeowners,2024-01-12 05:23:38.445426,2026-05-14 05:23:38.449170,4338.42
P10639,CU1935,Auto,2024-08-05 05:23:38.445430,2025-11-15 05:23:38.449173,4677.73
P10640,CU1083,Homeowners,2023-02-21 05:23:38.445434,2026-01-27 05:23:38.449175,4983.79
P10641,CU1112,Life,2024-08-03 05:23:38.445438,2025-12-08 05:23:38.449177,4082.03
P10642,CU1736,Homeowners,2023-07-23 05:23:38.445441,2025-10-01 05:23:38.449180,3891.8
P10643,CU1331,Life,2023-04-29 05:23:38.445446,2026-07-29 05:23:38.449184,1469.75
P10644,CU1377,Homeowners,2024-04-02 05:23:38.445450,2025-12-04 05:23:38.449188,2012.03
P10645,CU1754,Commercial,2024-12-23 05:23:38.445454,2026-02-16 05:23:38.449192,2595.57
P10646,CU1654,Auto,2023-01-18 05:23:38.445458,2026-01-07 05:23:38.449196,3980.21
P10647,CU1040,Life,2023-03-04 05:23:38.445462,2025-09-29 05:23:38.449199,4617.35
P10648,CU1934,Homeowners,2024-06-17 05:23:38.445466,2026-03-08 05:23:38.449204,1351.13
P10649,CU1769,Auto,2023-07-09 05:23:38.445471,2026-07-22 05:23:38.449208,4650.65
P10650,CU1958,Homeowners,2023-02-05 05:23:38.445473,2026-01-25 05:23:38.449212,3630.31
P10651,CU1796,Auto,2024-08-23 05:23:38.445476,2026-02-20 05:23:38.449216,3248.47
P10652,CU1104,Auto,2023-02-16 05:23:38.445479,2026-02-25 05:23:38.449220,1399.29
P10653,CU1201,Homeowners,2023-09-29 05:23:38.445482,2026-01-03 05:23:38.449222,749.86
P10654,CU1449,Life,2024-02-21 05:23:38.445485,2025-12-15 05:23:38.449225,3058.09
P10655,CU1818,Life,2024-08-23 05:23:38.445487,2026-05-04 05:23:38.449228,3431.82
P10656,CU1842,Commercial,2023-09-20 05:23:38.445489,2025-11-15 05:23:38.449230,1448.52
P10657,CU1972,Auto,2024-09-24 05:23:38.445492,2026-03-06 05:23:38.449232,3004.05
P10658,CU1265,Commercial,2024-08-11 05:23:38.445494,2026-01-10 05:23:38.449235,4354.22
P10659,CU1909,Commercial,2023-03-15 05:23:38.445497,2025-11-04 05:23:38.449237,4257.8
P10660,CU1209,Homeowners,2023-08-27 05:23:38.445499,2026-06-04 05:23:38.449239,4673.1
P10661,CU1562,Homeowners,2024-11-07 05:23:38.445501,2025-11-03 05:23:38.449242,2146.49
P10662,CU1117,Homeowners,2023-05-11 05:23:38.445504,2026-07-05 05:23:38.449244,1931.22
P10663,CU1712,Auto,2024-08-13 05:23:38.445506,2026-03-10 05:23:38.449246,3872.42
P10664,CU1376,Homeowners,2023-07-29 05:23:38.445509,2026-01-04 05:23:38.449249,2440.01
P10665,CU1550,Homeowners,2023-03-01 05:23:38.445511,2026-05-10 05:23:38.449251,893.97
P10666,CU1539,Auto,2024-04-12 05:23:38.445513,2026-07-16 05:23:38.449254,1772.61
P10667,CU1770,Auto,2023-07-11 05:23:38.445516,2025-12-09 05:23:38.449256,2383.62
P10668,CU1083,Life,2022-11-10 05:23:38.445518,2026-02-07 05:23:38.449258,1816.32
P10669,CU1453,Homeowners,2024-05-22 05:23:38.445520,2026-07-21 05:23:38.449261,1994.93
P10670,CU1666,Homeowners,2023-12-06 05:23:38.445523,2026-05-30 05:23:38.449263,1821.99
P10671,CU1628,Homeowners,2023-12-18 05:23:38.445525,2025-12-05 05:23:38.449266,686.75
P10672,CU1513,Life,2023-10-06 05:23:38.445528,2025-11-28 05:23:38.449268,3366.93
P10673,CU1604,Homeowners,2024-05-12 05:23:38.445530,2026-01-01 05:23:38.449271,3187.82
P10674,CU1677,Life,2024-07-12 05:23:38.445533,2026-02-28 05:23:38.449273,3440.23
P10675,CU1386,Commercial,2024-11-01 05:23:38.445535,2026-05-31 05:23:38.449275,1365.39
P10676,CU1911,Life,2024-09-26 05:23:38.445538,2026-06-30 05:23:38.449278,1830.45
P10677,CU1349,Commercial,2023-08-01 05:23:38.445540,2026-02-15 05:23:38.449280,3288.27
P10678,CU1295,Homeowners,2023-02-20 05:23:38.445542,2026-07-17 05:23:38.449283,3198.32
P10679,CU1257,Commercial,2023-08-01 05:23:38.445545,2026-04-19 05:23:38.449287,2778.49
P10680,CU1080,Life,2023-11-13 05:23:38.445548,2025-12-14 05:23:38.449289,2076.86
P10681,CU1936,Auto,2023-07-18 05:23:38.445550,2026-05-16 05:23:38.449292,4608.19
P10682,CU1267,Commercial,2023-02-26 05:23:38.445552,2026-06-22 05:23:38.449294,2028.97
P10683,CU1418,Commercial,2024-03-27 05:23:38.445555,2026-04-19 05:23:38.449297,2550.29
P10684,CU1234,Homeowners,2022-12-04 05:23:38.445557,2026-04-25 05:23:38.449299,3551.51
P10685,CU1832,Life,2023-10-25 05:23:38.445559,2026-05-09 05:23:38.449301,2943.6
P10686,CU1310,Commercial,2023-10-24 05:23:38.445562,2025-09-23 05:23:38.449304,2060.99
P10687,CU1812,Commercial,2023-11-10 05:23:38.445564,2025-10-30 05:23:38.449306,2460.4
P10688,CU1974,Commercial,2023-11-10 05:23:38.445566,2026-02-05 05:23:38.449308,4075.16
P10689,CU1985,Commercial,2023-09-07 05:23:38.445569,2025-09-28 05:23:38.449311,1751.58
P10690,CU1356,Auto,2024-10-14 05:23:38.445571,2026-04-25 05:23:38.449313,1140.15
P10691,CU1212,Life,2024-05-31 05:23:38.445574,2025-10-08 05:23:38.449316,1909.23
P10692,CU1573,Homeowners,2024-05-16 05:23:38.445576,2025-11-18 05:23:38.449318,4322.9
P10693,CU1048,Homeowners,2023-09-21 05:23:38.445579,2025-11-09 05:23:38.449320,900.45
P10694,CU1126,Auto,2023-10-07 05:23:38.445581,2025-09-30 05:23:38.449323,4962.63
P10695,CU1222,Life,2023-11-20 05:23:38.445583,2025-12-19 05:23:38.449325,2934.51
P10696,CU1920,Commercial,2025-01-10 05:23:38.445585,2025-08-28 05:23:38.449327,4931.81
P10697,CU1278,Auto,2023-08-16 05:23:38.445588,2026-02-07 05:23:38.449330,4725.48
P10698,CU1407,Life,2023-03-15 05:23:38.445590,2026-07-23 05:23:38.449332,2537.66
P10699,CU1504,Commercial,2023-05-30 05:23:38.445593,2025-09-19 05:23:38.449334,1393.21
P10700,CU1293,Auto,2024-08-16 05:23:38.445595,2025-11-24 05:23:38.449337,1241.98
P10701,CU1795,Life,2023-03-04 05:23:38.445597,2025-09-14 05:23:38.449339,1579.95
P10702,CU1276,Homeowners,2024-05-25 05:23:38.445601,2026-03-07 05:23:38.449341,3695.6
P10703,CU1437,Homeowners,2024-12-30 05:23:38.445605,2025-09-09 05:23:38.449343,1728.27
P10704,CU1106,Life,2022-12-02 05:23:38.445610,2025-09-04 05:23:38.449346,2036.41
P10705,CU1657,Homeowners,2023-12-05 05:23:38.445614,2026-04-09 05:23:38.449348,2519.5
P10706,CU1419,Life,2023-09-14 05:23:38.445618,2026-02-17 05:23:38.449350,4609.55
P10707,CU1610,Commercial,2024-03-06 05:23:38.445621,2026-05-29 05:23:38.449353,1352.27
P10708,CU1428,Life,2023-07-23 05:23:38.445625,2025-10-09 05:23:38.449355,522.62
P10709,CU1374,Commercial,2024-03-22 05:23:38.445629,2026-04-20 05:23:38.449357,770.43
P10710,CU1072,Auto,2024-07-24 05:23:38.445633,2026-05-01 05:23:38.449360,4571.45
P10711,CU1948,Life,2024-10-01 05:23:38.445637,2026-04-06 05:23:38.449362,3413.82
P10712,CU1997,Auto,2023-06-16 05:23:38.445642,2025-11-30 05:23:38.449364,1728.68
P10713,CU1633,Homeowners,2023-08-22 05:23:38.445646,2026-07-25 05:23:38.449367,1297.37
P10714,CU1029,Commercial,2024-05-01 05:23:38.445650,2025-11-18 05:23:38.449369,1824.2
P10715,CU1187,Life,2024-12-18 05:23:38.445654,2026-04-13 05:23:38.449372,1016.59
P10716,CU1363,Auto,2024-01-26 05:23:38.445658,2026-05-27 05:23:38.449374,4736.9
P10717,CU1865,Commercial,2024-08-27 05:23:38.445662,2025-11-18 05:23:38.449377,4028.93
P10718,CU1799,Commercial,2024-08-27 05:23:38.445665,2025-12-20 05:23:38.449379,2580.76
P10719,CU1450,Homeowners,2023-09-23 05:23:38.445668,2026-05-05 05:23:38.449381,4392.33
P10720,CU1194,Homeowners,2024-08-18 05:23:38.445672,2025-10-14 05:23:38.449384,1622.56
P10721,CU1155,Commercial,2023-03-06 05:23:38.445676,2025-11-28 05:23:38.449386,3727.04
P10722,CU1171,Commercial,2024-08-16 05:23:38.445680,2025-10-13 05:23:38.449389,4352.6
P10723,CU1846,Life,2023-02-26 05:23:38.445684,2026-03-17 05:23:38.449391,2105.46
P10724,CU1040,Commercial,2023-11-21 05:23:38.445688,2026-05-23 05:23:38.449395,3908.59
P10725,CU1062,Life,2024-04-03 05:23:38.445692,2026-04-19 05:23:38.449399,1827.83
P10726,CU1022,Commercial,2023-11-05 05:23:38.445696,2026-04-09 05:23:38.449403,1844.86
P10727,CU1359,Homeowners,2023-02-17 05:23:38.445701,2026-02-02 05:23:38.449407,981.76
P10728,CU1074,Life,2024-02-24 05:23:38.445705,2025-11-17 05:23:38.449411,2480.26
P10729,CU1559,Auto,2023-05-05 05:23:38.445709,2025-11-02 05:23:38.449415,3783.7
P10730,CU1671,Homeowners,2022-11-06 05:23:38.445714,2026-01-22 05:23:38.449418,4730.99
P10731,CU1824,Life,2023-04-26 05:23:38.445718,2025-11-05 05:23:38.449420,3217.09
P10732,CU1117,Life,2024-03-19 05:23:38.445722,2026-07-28 05:23:38.449423,4384.11
P10733,CU1611,Auto,2023-07-18 05:23:38.445727,2026-03-07 05:23:38.449425,4201.23
P10734,CU1379,Life,2024-10-18 05:23:38.445731,2026-05-09 05:23:38.449428,1280.04
P10735,CU1928,Commercial,2023-08-14 05:23:38.445735,2026-02-23 05:23:38.449430,2686.18
P10736,CU1919,Auto,2024-04-21 05:23:38.445739,2025-12-22 05:23:38.449433,1026.16
P10737,CU1678,Homeowners,2024-11-12 05:23:38.445742,2025-11-15 05:23:38.449436,3569.69
P10738,CU1289,Homeowners,2023-01-22 05:23:38.445746,2025-12-03 05:23:38.449440,4774.55
P10739,CU1439,Commercial,2022-12-13 05:23:38.445750,2026-07-17 05:23:38.449444,1116.9
P10740,CU1667,Homeowners,2022-12-02 05:23:38.445754,2025-11-23 05:23:38.449448,3802.47
P10741,CU1932,Life,2024-11-23 05:23:38.445758,2026-06-25 05:23:38.449451,3345.07
P10742,CU1006,Life,2023-07-29 05:23:38.445762,2025-11-23 05:23:38.449456,3126.22
P10743,CU1195,Commercial,2024-03-10 05:23:38.445766,2026-03-13 05:23:38.449460,2255.54
P10744,CU1420,Homeowners,2024-02-14 05:23:38.445769,2026-02-27 05:23:38.449462,2098.09
P10745,CU1567,Homeowners,2023-03-09 05:23:38.445771,2026-04-08 05:23:38.449464,703.62
P10746,CU1832,Commercial,2024-05-26 05:23:38.445774,2026-02-08 05:23:38.449466,1480.59
P10747,CU1192,Auto,2024-09-14 05:23:38.445776,2026-03-03 05:23:38.449469,568.3
P10748,CU1558,Homeowners,2023-10-13 05:23:38.445778,2026-07-21 05:23:38.449471,3116.38
P10749,CU1147,Auto,2023-09-08 05:23:38.445781,2026-02-25 05:23:38.449473,976.34
P10750,CU1786,Homeowners,2024-03-08 05:23:38.445783,2025-11-11 05:23:38.449476,4428.59
P10751,CU1668,Homeowners,2023-02-23 05:23:38.445786,2026-01-02 05:23:38.449479,2854.14
P10752,CU1201,Homeowners,2024-01-12 05:23:38.445788,2025-12-16 05:23:38.449481,3648.6
P10753,CU1443,Homeowners,2024-01-29 05:23:38.445791,2025-11-30 05:23:38.449484,2348.86
P10754,CU1913,Life,2024-05-20 05:23:38.445793,2026-04-13 05:23:38.449486,3022.61
P10755,CU1987,Auto,2024-04-12 05:23:38.445795,2025-09-28 05:23:38.449488,4741.97
P10756,CU1418,Auto,2024-11-19 05:23:38.445798,2025-09-12 05:23:38.449491,872.3
P10757,CU1426,Homeowners,2023-01-28 05:23:38.445800,2025-12-21 05:23:38.449493,1642.72
P10758,CU1478,Homeowners,2022-12-18 05:23:38.445802,2025-11-13 05:23:38.449495,4009.95
P10759,CU1474,Auto,2023-07-23 05:23:38.445805,2025-10-16 05:23:38.449498,944.32
P10760,CU1125,Life,2023-04-22 05:23:38.445807,2026-01-13 05:23:38.449500,840.47
P10761,CU1394,Commercial,2023-07-19 05:23:38.445812,2026-05-15 05:23:38.449504,2126.94
P10762,CU1816,Commercial,2023-12-09 05:23:38.445815,2025-08-31 05:23:38.449507,914.76
P10763,CU1880,Auto,2024-11-07 05:23:38.445817,2026-07-18 05:23:38.449509,3132.85
P10764,CU1805,Homeowners,2023-05-14 05:23:38.445820,2025-09-02 05:23:38.449512,1518.24
P10765,CU1575,Homeowners,2024-06-01 05:23:38.445822,2026-03-23 05:23:38.449514,4530.64
P10766,CU1324,Life,2024-12-27 05:23:38.445825,2026-07-24 05:23:38.449516,4025.75
P10767,CU1391,Commercial,2024-04-29 05:23:38.445827,2025-11-30 05:23:38.449519,3648.67
P10768,CU1929,Life,2024-07-03 05:23:38.445830,2026-02-12 05:23:38.449521,3276.25
P10769,CU1687,Commercial,2023-01-11 05:23:38.445832,2026-02-07 05:23:38.449523,4385.6
P10770,CU1627,Auto,2024-02-29 05:23:38.445834,2025-09-16 05:23:38.449526,1503.78
P10771,CU1439,Commercial,2023-08-28 05:23:38.445837,2026-05-29 05:23:38.449528,4428.99
P10772,CU1203,Life,2023-05-12 05:23:38.445839,2026-04-04 05:23:38.449530,4052.72
P10773,CU1485,Life,2023-07-03 05:23:38.445842,2026-02-22 05:23:38.449547,3866.72
P10774,CU1832,Life,2023-09-18 05:23:38.445844,2026-02-06 05:23:38.449549,3025.65
P10775,CU1030,Auto,2023-10-31 05:23:38.445847,2026-06-11 05:23:38.449552,1608.1
P10776,CU1387,Commercial,2023-07-14 05:23:38.445849,2026-05-03 05:23:38.449554,2405.97
P10777,CU1624,Commercial,2024-04-23 05:23:38.445851,2026-02-17 05:23:38.449557,4071.07
P10778,CU1876,Life,2024-04-16 05:23:38.445854,2025-09-02 05:23:38.449559,643.0
P10779,CU1433,Commercial,2023-08-20 05:23:38.445857,2026-03-11 05:23:38.449562,4019.23
P10780,CU1836,Homeowners,2024-11-14 05:23:38.445859,2025-11-09 05:23:38.449564,1580.32
P10781,CU1925,Homeowners,2024-10-27 05:23:38.445861,2026-02-06 05:23:38.449566,1149.39
P10782,CU1375,Homeowners,2024-09-14 05:23:38.445864,2025-09-10 05:23:38.449569,1020.66
P10783,CU1343,Commercial,2023-02-13 05:23:38.445866,2026-04-01 05:23:38.449571,622.63
P10784,CU1442,Auto,2024-04-12 05:23:38.445869,2026-01-17 05:23:38.449573,2856.14
P10785,CU1578,Auto,2023-12-02 05:23:38.445871,2026-01-02 05:23:38.449576,1482.17
P10786,CU1074,Auto,2024-07-10 05:23:38.445874,2026-05-28 05:23:38.449578,4952.44
P10787,CU1556,Auto,2024-10-31 05:23:38.445876,2026-07-08 05:23:38.449580,3084.97
P10788,CU1771,Homeowners,2024-08-27 05:23:38.445879,2025-12-17 05:23:38.449583,1120.48
P10789,CU1665,Homeowners,2024-11-13 05:23:38.445881,2025-12-23 05:23:38.449585,3599.43
P10790,CU1154,Life,2023-08-04 05:23:38.445883,2026-04-14 05:23:38.449588,4539.85
P10791,CU1429,Commercial,2024-09-19 05:23:38.445886,2026-02-03 05:23:38.449603,3853.31
P10792,CU1362,Commercial,2023-06-11 05:23:38.445888,2025-12-23 05:23:38.449607,843.98
P10793,CU1447,Auto,2023-04-24 05:23:38.445891,2025-09-16 05:23:38.449611,4531.48
P10794,CU1986,Homeowners,2023-12-13 05:23:38.445893,2025-12-01 05:23:38.449615,4072.68
P10795,CU1233,Auto,2024-12-10 05:23:38.445896,2026-04-30 05:23:38.449619,1212.37
P10796,CU1562,Life,2023-10-19 05:23:38.445898,2026-06-18 05:23:38.449623,733.04
P10797,CU1817,Commercial,2024-07-28 05:23:38.445900,2026-03-29 05:23:38.449627,3007.9
P10798,CU1261,Commercial,2023-10-07 05:23:38.445903,2026-04-20 05:23:38.449630,1202.16
P10799,CU1826,Auto,2023-06-28 05:23:38.445905,2025-10-18 05:23:38.449635,4255.66
P10800,CU1124,Life,2023-02-19 05:23:38.445908,2026-03-18 05:23:38.449639,2112.51
P10801,CU1910,Commercial,2024-11-07 05:23:38.445910,2025-10-19 05:23:38.449642,4608.02
P10802,CU1244,Life,2024-03-05 05:23:38.445913,2025-11-29 05:23:38.449658,3045.6
P10803,CU1541,Life,2024-04-29 05:23:38.445915,2025-10-03 05:23:38.449662,1322.03
P10804,CU1937,Auto,2024-05-16 05:23:38.445918,2026-01-07 05:23:38.449667,1128.19
P10805,CU1484,Homeowners,2024-12-02 05:23:38.445920,2026-02-04 05:23:38.449670,3094.13
P10806,CU1121,Auto,2024-10-14 05:23:38.445923,2026-06-24 05:23:38.449672,3928.48
P10807,CU1124,Homeowners,2023-11-30 05:23:38.445925,2025-11-19 05:23:38.449676,4016.78
P10808,CU1548,Life,2023-08-25 05:23:38.445927,2025-12-22 05:23:38.449680,1740.91
P10809,CU1169,Homeowners,2024-05-29 05:23:38.445931,2025-12-26 05:23:38.449684,1419.11
P10810,CU1123,Life,2023-05-16 05:23:38.445935,2025-12-25 05:23:38.449688,575.4
P10811,CU1868,Commercial,2023-09-10 05:23:38.445939,2026-03-22 05:23:38.449692,3556.4
P10812,CU1034,Commercial,2023-03-12 05:23:38.445944,2026-03-27 05:23:38.449696,844.56
P10813,CU1086,Commercial,2024-02-22 05:23:38.445947,2025-08-28 05:23:38.449700,2393.43
P10814,CU1645,Auto,2023-12-24 05:23:38.445951,2026-07-23 05:23:38.449703,3207.57
P10815,CU1707,Auto,2024-10-24 05:23:38.445955,2026-01-13 05:23:38.449705,4716.99
P10816,CU1785,Life,2023-01-02 05:23:38.445959,2025-09-20 05:23:38.449707,1903.11
P10817,CU1200,Commercial,2023-07-15 05:23:38.445963,2026-05-02 05:23:38.449710,1623.97
P10818,CU1368,Auto,2024-04-03 05:23:38.445967,2026-01-30 05:23:38.449712,3443.72
P10819,CU1796,Commercial,2024-12-06 05:23:38.445971,2025-10-26 05:23:38.449715,3286.58
P10820,CU1076,Auto,2023-03-10 05:23:38.445974,2025-09-24 05:23:38.449718,1994.49
P10821,CU1058,Homeowners,2023-09-13 05:23:38.445976,2025-09-28 05:23:38.449731,4676.46
P10822,CU1430,Homeowners,2024-06-12 05:23:38.445979,2026-03-11 05:23:38.449735,4301.88
P10823,CU1637,Commercial,2024-07-26 05:23:38.445983,2026-05-02 05:23:38.449739,1507.92
P10824,CU1499,Life,2024-02-04 05:23:38.445987,2026-04-11 05:23:38.449743,1576.14
P10825,CU1912,Auto,2024-08-26 05:23:38.445991,2026-04-22 05:23:38.449747,2805.35
P10826,CU1108,Auto,2024-07-24 05:23:38.445995,2025-09-29 05:23:38.449751,3981.07
P10827,CU1735,Homeowners,2023-09-25 05:23:38.445999,2025-09-08 05:23:38.449755,698.18
P10828,CU1277,Homeowners,2022-12-06 05:23:38.446003,2026-01-11 05:23:38.449759,3620.01
P10829,CU1067,Life,2022-12-16 05:23:38.446006,2026-04-18 05:23:38.449763,3417.06
P10830,CU1068,Life,2023-12-25 05:23:38.446008,2025-11-29 05:23:38.449767,1541.66
P10831,CU1164,Life,2024-11-09 05:23:38.446011,2026-04-14 05:23:38.449774,3566.09
P10832,CU1488,Commercial,2023-03-11 05:23:38.446013,2026-03-27 05:23:38.449778,4730.82
P10833,CU1304,Homeowners,2024-12-05 05:23:38.446016,2026-02-18 05:23:38.449783,710.54
P10834,CU1908,Commercial,2023-01-04 05:23:38.446018,2026-03-05 05:23:38.449787,1938.43
P10835,CU1673,Homeowners,2023-08-09 05:23:38.446020,2025-12-02 05:23:38.449791,2471.8
P10836,CU1364,Homeowners,2024-10-31 05:23:38.446023,2026-05-24 05:23:38.449795,4546.67
P10837,CU1853,Auto,2024-04-01 05:23:38.446025,2026-01-01 05:23:38.449798,4830.18
P10838,CU1820,Homeowners,2024-05-10 05:23:38.446028,2026-01-19 05:23:38.449800,2498.52
P10839,CU1378,Homeowners,2024-03-02 05:23:38.446030,2025-11-14 05:23:38.449802,3875.13
P10840,CU1342,Commercial,2024-03-04 05:23:38.446033,2025-09-12 05:23:38.449805,2892.47
P10841,CU1946,Homeowners,2023-01-16 05:23:38.446035,2026-02-05 05:23:38.449807,2920.02
P10842,CU1898,Commercial,2023-05-03 05:23:38.446038,2026-06-01 05:23:38.449809,1751.45
P10843,CU1553,Life,2024-04-29 05:23:38.446040,2026-06-02 05:23:38.449811,1476.3
P10844,CU1353,Homeowners,2024-08-23 05:23:38.446042,2025-09-11 05:23:38.449814,1796.02
P10845,CU1415,Homeowners,2024-07-11 05:23:38.446045,2025-09-27 05:23:38.449816,3003.48
P10846,CU1108,Commercial,2024-05-15 05:23:38.446047,2026-04-04 05:23:38.449818,631.2
P10847,CU1562,Life,2023-12-16 05:23:38.446049,2025-09-29 05:23:38.449821,4582.62
P10848,CU1761,Auto,2024-05-09 05:23:38.446052,2025-12-28 05:23:38.449823,1203.28
P10849,CU1496,Life,2024-02-10 05:23:38.446055,2025-11-29 05:23:38.449825,1490.4
P10850,CU1340,Commercial,2023-04-07 05:23:38.446057,2026-01-18 05:23:38.449828,2832.24
P10851,CU1941,Life,2024-12-18 05:23:38.446059,2025-10-15 05:23:38.449832,3695.52
P10852,CU1382,Commercial,2024-03-11 05:23:38.446062,2026-03-18 05:23:38.449836,930.78
P10853,CU1532,Commercial,2024-09-18 05:23:38.446064,2026-04-09 05:23:38.449840,1929.63
P10854,CU1299,Auto,2023-04-11 05:23:38.446066,2026-03-13 05:23:38.449844,4859.04
P10855,CU1138,Homeowners,2024-07-24 05:23:38.446069,2026-03-08 05:23:38.449847,1680.54
P10856,CU1358,Commercial,2023-12-21 05:23:38.446071,2026-07-12 05:23:38.449852,1908.73
P10857,CU1835,Commercial,2023-05-13 05:23:38.446073,2026-03-03 05:23:38.449856,4264.24
P10858,CU1498,Auto,2024-03-17 05:23:38.446076,2025-09-24 05:23:38.449858,725.96
P10859,CU1384,Commercial,2023-07-14 05:23:38.446078,2025-12-27 05:23:38.449861,2590.76
P10860,CU1603,Homeowners,2024-03-12 05:23:38.446080,2026-02-27 05:23:38.449863,2208.28
P10861,CU1958,Auto,2023-06-24 05:23:38.446086,2026-02-22 05:23:38.449868,1924.64
P10862,CU1279,Homeowners,2023-02-23 05:23:38.446089,2025-12-08 05:23:38.449871,1785.65
P10863,CU1636,Homeowners,2024-03-09 05:23:38.446092,2026-03-21 05:23:38.449873,911.18
P10864,CU1482,Auto,2023-06-15 05:23:38.446096,2026-05-10 05:23:38.449875,1916.72
P10865,CU1908,Commercial,2024-05-27 05:23:38.446100,2026-02-28 05:23:38.449878,693.74
P10866,CU1110,Homeowners,2024-05-31 05:23:38.446104,2025-09-01 05:23:38.449880,4014.34
P10867,CU1865,Homeowners,2023-12-08 05:23:38.446108,2025-11-09 05:23:38.449883,2292.03
P10868,CU1138,Homeowners,2024-06-23 05:23:38.446112,2025-09-28 05:23:38.449885,2497.57
P10869,CU1995,Homeowners,2024-07-10 05:23:38.446115,2025-11-24 05:23:38.449888,4521.18
P10870,CU1434,Auto,2023-12-28 05:23:38.446118,2026-06-23 05:23:38.449890,3461.25
P10871,CU1508,Auto,2023-08-18 05:23:38.446120,2025-10-26 05:23:38.449893,536.27
P10872,CU1272,Life,2024-07-03 05:23:38.446123,2026-02-04 05:23:38.449895,4744.29
P10873,CU1098,Life,2024-02-23 05:23:38.446125,2026-02-18 05:23:38.449897,1567.15
P10874,CU1763,Homeowners,2022-11-09 05:23:38.446128,2025-09-14 05:23:38.449899,984.26
P10875,CU1849,Commercial,2023-12-31 05:23:38.446130,2026-02-04 05:23:38.449902,3956.58
P10876,CU1103,Homeowners,2024-04-22 05:23:38.446132,2026-03-04 05:23:38.449904,2752.15
P10877,CU1213,Commercial,2023-11-08 05:23:38.446135,2026-02-21 05:23:38.449906,2451.97
P10878,CU1760,Homeowners,2024-07-19 05:23:38.446137,2025-11-24 05:23:38.449909,1622.76
P10879,CU1663,Life,2023-11-01 05:23:38.446141,2026-01-12 05:23:38.449912,2963.62
P10880,CU1761,Life,2022-11-02 05:23:38.446143,2025-10-24 05:23:38.449915,1734.73
P10881,CU1786,Commercial,2022-11-16 05:23:38.446146,2025-12-30 05:23:38.449917,4557.12
P10882,CU1164,Homeowners,2022-12-08 05:23:38.446149,2026-06-20 05:23:38.449919,1468.42
P10883,CU1998,Commercial,2024-09-29 05:23:38.446151,2025-09-28 05:23:38.449921,4479.6
P10884,CU1852,Life,2024-05-10 05:23:38.446153,2026-02-20 05:23:38.449924,3017.32
P10885,CU1519,Homeowners,2023-07-16 05:23:38.446156,2026-07-13 05:23:38.449927,4228.2
P10886,CU1283,Homeowners,2024-10-08 05:23:38.446158,2026-03-09 05:23:38.449932,3707.81
P10887,CU1516,Commercial,2023-05-24 05:23:38.446161,2025-09-01 05:23:38.449936,3635.13
P10888,CU1656,Auto,2023-11-12 05:23:38.446165,2025-10-30 05:23:38.449939,1959.56
P10889,CU1612,Commercial,2023-08-17 05:23:38.446169,2026-04-07 05:23:38.449944,1552.54
P10890,CU1163,Life,2024-03-13 05:23:38.446174,2026-05-18 05:23:38.449949,1448.99
P10891,CU1885,Life,2023-08-13 05:23:38.446178,2026-04-08 05:23:38.449953,4357.36
P10892,CU1658,Life,2023-03-17 05:23:38.446182,2025-09-16 05:23:38.449957,4191.92
P10893,CU1063,Life,2024-11-30 05:23:38.446186,2026-04-22 05:23:38.449961,2482.58
P10894,CU1090,Life,2023-03-28 05:23:38.446188,2025-10-10 05:23:38.449965,1095.82
P10895,CU1116,Auto,2022-11-20 05:23:38.446190,2026-02-01 05:23:38.449969,2220.14
P10896,CU1865,Homeowners,2022-12-11 05:23:38.446193,2026-04-05 05:23:38.449972,3287.05
P10897,CU1266,Commercial,2023-04-21 05:23:38.446195,2025-11-02 05:23:38.449976,2544.81
P10898,CU1821,Commercial,2023-11-30 05:23:38.446198,2025-12-01 05:23:38.449981,4010.85
P10899,CU1684,Life,2023-12-17 05:23:38.446202,2026-01-20 05:23:38.449985,4989.3
P10900,CU1558,Commercial,2024-09-28 05:23:38.446205,2026-05-06 05:23:38.449989,1360.09
P10901,CU1139,Life,2024-11-25 05:23:38.446209,2026-01-24 05:23:38.449993,2568.43
P10902,CU1245,Auto,2022-12-14 05:23:38.446213,2025-12-20 05:23:38.450011,2439.43
P10903,CU1660,Auto,2024-01-03 05:23:38.446217,2025-09-10 05:23:38.450016,1870.22
P10904,CU1757,Homeowners,2022-12-16 05:23:38.446221,2026-05-02 05:23:38.450020,1391.43
P10905,CU1394,Auto,2024-08-21 05:23:38.446225,2025-09-15 05:23:38.450024,795.61
P10906,CU1486,Auto,2023-07-29 05:23:38.446228,2025-08-31 05:23:38.450028,4492.04
P10907,CU1475,Homeowners,2023-07-06 05:23:38.446230,2025-10-11 05:23:38.450032,2389.32
P10908,CU1516,Commercial,2024-08-15 05:23:38.446233,2026-02-11 05:23:38.450036,2736.03
P10909,CU1976,Life,2023-10-05 05:23:38.446235,2026-02-08 05:23:38.450039,4626.24
P10910,CU1183,Life,2024-06-04 05:23:38.446237,2026-04-14 05:23:38.450043,3993.31
P10911,CU1019,Commercial,2023-07-06 05:23:38.446240,2025-10-04 05:23:38.450048,1087.26
P10912,CU1936,Homeowners,2023-07-19 05:23:38.446242,2025-09-04 05:23:38.450052,3044.39
P10913,CU1557,Commercial,2023-01-27 05:23:38.446245,2025-09-12 05:23:38.450056,2490.14
P10914,CU1523,Auto,2024-03-26 05:23:38.446247,2026-05-13 05:23:38.450058,4087.45
P10915,CU1581,Homeowners,2024-08-09 05:23:38.446249,2026-04-09 05:23:38.450061,3759.05
P10916,CU1528,Homeowners,2023-09-07 05:23:38.446252,2025-10-25 05:23:38.450063,3606.83
P10917,CU1882,Homeowners,2023-09-18 05:23:38.446254,2025-11-30 05:23:38.450066,2032.45
P10918,CU1146,Life,2024-04-19 05:23:38.446257,2025-10-02 05:23:38.450068,4122.34
P10919,CU1665,Commercial,2023-01-25 05:23:38.446259,2026-04-01 05:23:38.450071,735.76
P10920,CU1303,Homeowners,2023-04-09 05:23:38.446261,2026-03-17 05:23:38.450074,1218.31
P10921,CU1619,Homeowners,2023-08-28 05:23:38.446264,2026-01-10 05:23:38.450078,2010.3
P10922,CU1747,Homeowners,2024-02-22 05:23:38.446267,2026-02-23 05:23:38.450082,845.63
P10923,CU1819,Commercial,2023-09-27 05:23:38.446271,2026-06-17 05:23:38.450086,1557.47
P10924,CU1863,Life,2023-11-17 05:23:38.446275,2026-06-25 05:23:38.450090,4235.68
P10925,CU1581,Auto,2023-01-12 05:23:38.446280,2025-11-27 05:23:38.450095,4767.13
P10926,CU1694,Life,2023-08-03 05:23:38.446283,2026-04-18 05:23:38.450099,1870.71
P10927,CU1761,Homeowners,2024-06-17 05:23:38.446287,2025-12-21 05:23:38.450101,1690.32
P10928,CU1227,Life,2023-10-03 05:23:38.446291,2026-07-03 05:23:38.450104,1759.52
P10929,CU1101,Life,2023-03-05 05:23:38.446295,2026-03-17 05:23:38.450106,1749.74
P10930,CU1586,Auto,2023-11-17 05:23:38.446300,2025-11-25 05:23:38.450109,661.69
P10931,CU1416,Commercial,2023-05-12 05:23:38.446303,2026-03-01 05:23:38.450111,4671.12
P10932,CU1957,Commercial,2023-07-12 05:23:38.446305,2025-12-06 05:23:38.450113,1461.64
P10933,CU1215,Life,2024-05-05 05:23:38.446308,2026-01-31 05:23:38.450125,2390.02
P10934,CU1406,Life,2023-12-09 05:23:38.446310,2025-10-04 05:23:38.450128,543.59
P10935,CU1398,Commercial,2023-05-11 05:23:38.446313,2025-09-12 05:23:38.450130,4360.8
P10936,CU1922,Commercial,2024-08-09 05:23:38.446315,2026-05-28 05:23:38.450133,3790.21
P10937,CU1714,Auto,2024-11-04 05:23:38.446317,2026-02-07 05:23:38.450135,4760.4
P10938,CU1703,Homeowners,2023-07-15 05:23:38.446320,2025-11-11 05:23:38.450138,4017.27
P10939,CU1760,Life,2023-10-06 05:23:38.446322,2026-07-25 05:23:38.450140,1911.68
P10940,CU1498,Commercial,2024-01-08 05:23:38.446325,2026-05-05 05:23:38.450142,1615.43
P10941,CU1753,Life,2023-05-13 05:23:38.446327,2026-06-20 05:23:38.450145,3639.72
P10942,CU1464,Life,2023-08-01 05:23:38.446329,2026-01-08 05:23:38.450147,2138.51
P10943,CU1690,Commercial,2023-11-04 05:23:38.446332,2026-05-22 05:23:38.450150,3047.97
P10944,CU1948,Auto,2023-02-09 05:23:38.446334,2026-07-14 05:23:38.450152,528.16
P10945,CU1973,Life,2024-03-10 05:23:38.446337,2026-03-16 05:23:38.450155,778.49
P10946,CU1730,Auto,2024-03-14 05:23:38.446339,2026-03-05 05:23:38.450157,2909.16
P10947,CU1081,Commercial,2024-03-18 05:23:38.446341,2026-05-02 05:23:38.450160,3047.32
P10948,CU1603,Homeowners,2024-06-23 05:23:38.446344,2026-02-13 05:23:38.450164,3881.54
P10949,CU1946,Homeowners,2024-06-03 05:23:38.446346,2026-02-24 05:23:38.450168,1093.84
P10950,CU1686,Life,2024-03-10 05:23:38.446348,2026-04-09 05:23:38.450172,2809.32
P10951,CU1750,Commercial,2024-02-12 05:23:38.446351,2026-02-08 05:23:38.450186,1375.01
P10952,CU1771,Auto,2023-01-02 05:23:38.446353,2026-01-08 05:23:38.450189,919.38
P10953,CU1902,Life,2023-04-16 05:23:38.446356,2026-03-06 05:23:38.450191,2347.23
P10954,CU1364,Commercial,2024-08-05 05:23:38.446359,2026-03-25 05:23:38.450194,1235.01
P10955,CU1162,Commercial,2024-06-01 05:23:38.446363,2025-12-21 05:23:38.450196,1498.02
P10956,CU1047,Auto,2023-02-16 05:23:38.446367,2026-04-23 05:23:38.450198,1929.0
P10957,CU1510,Life,2023-07-16 05:23:38.446371,2025-11-12 05:23:38.450201,1667.25
P10958,CU1328,Commercial,2024-08-21 05:23:38.446374,2025-11-27 05:23:38.450204,894.16
P10959,CU1839,Commercial,2023-04-11 05:23:38.446378,2026-03-20 05:23:38.450208,904.62
P10960,CU1115,Commercial,2024-08-08 05:23:38.446383,2025-09-19 05:23:38.450212,1369.62
P10961,CU1940,Auto,2024-03-12 05:23:38.446386,2025-12-04 05:23:38.450217,727.52
P10962,CU1848,Life,2023-03-29 05:23:38.446388,2026-01-31 05:23:38.450221,3319.06
P10963,CU1336,Life,2024-07-30 05:23:38.446391,2025-09-23 05:23:38.450225,1792.97
P10964,CU1880,Life,2024-08-31 05:23:38.446393,2026-03-15 05:23:38.450228,1758.86
P10965,CU1736,Life,2023-03-09 05:23:38.446395,2026-03-13 05:23:38.450231,1993.99
P10966,CU1863,Homeowners,2024-09-12 05:23:38.446398,2026-01-09 05:23:38.450233,3482.58
P10967,CU1839,Homeowners,2022-12-27 05:23:38.446400,2026-07-22 05:23:38.450235,4417.85
P10968,CU1146,Life,2023-03-11 05:23:38.446403,2025-11-03 05:23:38.450238,3915.89
P10969,CU1574,Auto,2024-10-01 05:23:38.446405,2026-02-18 05:23:38.450240,3773.88
P10970,CU1805,Homeowners,2023-08-08 05:23:38.446407,2026-01-27 05:23:38.450243,2679.76
P10971,CU1322,Commercial,2022-11-25 05:23:38.446410,2026-05-07 05:23:38.450245,3622.13
P10972,CU1442,Homeowners,2023-06-27 05:23:38.446412,2026-04-30 05:23:38.450248,2987.43
P10973,CU1836,Commercial,2024-11-09 05:23:38.446418,2026-04-28 05:23:38.450255,1473.13
P10974,CU1012,Life,2023-07-12 05:23:38.446420,2025-09-28 05:23:38.450257,1438.65
P10975,CU1942,Homeowners,2024-06-18 05:23:38.446423,2026-03-03 05:23:38.450260,1833.76
P10976,CU1493,Auto,2024-06-30 05:23:38.446425,2026-03-02 05:23:38.450264,4598.61
P10977,CU1700,Homeowners,2023-01-17 05:23:38.446428,2026-02-25 05:23:38.450268,2963.37
P10978,CU1286,Homeowners,2024-04-12 05:23:38.446430,2026-07-27 05:23:38.450272,3802.57
P10979,CU1719,Homeowners,2022-12-23 05:23:38.446433,2026-07-25 05:23:38.450278,2059.51
P10980,CU1113,Life,2023-12-03 05:23:38.446435,2026-01-01 05:23:38.450281,2334.72
P10981,CU1479,Auto,2024-04-28 05:23:38.446438,2026-02-28 05:23:38.450285,1065.05
P10982,CU1021,Homeowners,2022-12-03 05:23:38.446440,2025-09-04 05:23:38.450290,1270.83
P10983,CU1348,Auto,2023-01-18 05:23:38.446443,2026-01-05 05:23:38.450294,4223.1
P10984,CU1725,Life,2024-09-18 05:23:38.446445,2026-03-07 05:23:38.450298,3131.77
P10985,CU1682,Commercial,2023-01-25 05:23:38.446448,2025-10-07 05:23:38.450302,2018.9
P10986,CU1834,Homeowners,2024-03-16 05:23:38.446450,2026-01-23 05:23:38.450304,4112.83
P10987,CU1565,Auto,2023-03-19 05:23:38.446455,2026-04-16 05:23:38.450307,1609.34
P10988,CU1905,Auto,2023-07-17 05:23:38.446459,2025-12-10 05:23:38.450309,4892.15
P10989,CU1809,Life,2022-11-16 05:23:38.446462,2026-05-27 05:23:38.450311,2051.68
P10990,CU1319,Homeowners,2023-05-20 05:23:38.446466,2026-05-24 05:23:38.450314,2017.9
P10991,CU1125,Commercial,2024-01-31 05:23:38.446471,2025-09-18 05:23:38.450316,1903.6
P10992,CU1276,Auto,2023-03-03 05:23:38.446475,2026-07-11 05:23:38.450319,1049.5
P10993,CU1975,Homeowners,2023-08-10 05:23:38.446477,2025-11-12 05:23:38.450321,1000.12
P10994,CU1203,Commercial,2023-04-27 05:23:38.446480,2026-01-17 05:23:38.450323,3416.47
P10995,CU1193,Auto,2023-10-21 05:23:38.446482,2025-10-02 05:23:38.450325,4438.03
P10996,CU1680,Auto,2023-03-29 05:23:38.446485,2025-10-05 05:23:38.450328,4057.34
P10997,CU1663,Commercial,2023-12-25 05:23:38.446489,2025-12-22 05:23:38.450330,1134.98
P10998,CU1546,Commercial,2023-05-29 05:23:38.446493,2025-09-19 05:23:38.450332,2955.12
P10999,CU1695,Life,2024-11-21 05:23:38.446497,2026-06-17 05:23:38.450335,975.16
